Workbook

Sheet 4-Synthése Questions   
A1: Dans cette section nous allons essayer d'identifier les freins d'accès aux marchés qui vous intéressent. On rappelle que des freins sont des obstacles vous empêchant d'envisager d'entrer dans ces marchés, ce ne sont pas des simples difficultés surmontables facilement. il ne faudra pas donc répondre oui à toutes les questions
B2: VGT | C2: Marché | E2: Veille sur les marchés | G2: Equipements | J2: Logistique manquante ou inefficace | L2: Frein lié aux formations | P2: Frein lié à l' accès au financement
D3: Est intéressé (Oui/Non) | E3: Accès limité sur les opportunités du marché | F3: Accès limité au fonctionnement du marché | G3: Stockage | H3: Conditionnement | I3: Conservation | J3: Moyen de transport – FREIN (version détaillée comme tu veux) | K3: Coût du transport – FREIN (version détaillée comme tu veux) | L3: Formation normes & qualité – FREIN | M3: Formation administrative – FREIN | N3: Formation numérique – FREIN | O3: Formation marketing / négociations – FREIN | P3: Financement équipement – FREIN | Q3: Financement formation normes/qualité – FREIN | R3: Financement formation marketing / négociations– FREIN | S3: Financement formation numérique – FREIN | T3: Financement formation administrative – FREIN | U3: Financement développement global – FREIN | V3: Préfinancement commandes – FREIN
B4: 1 | C4: Vente à domicile ou auprès d’amis | E4: Considérez-vous que le manque d’information sur les opportunités locales (besoin des voisins, lieux où trouver des clients potentiels, petits points de rencontre) constitue un frein pour augmenter vos ventes ? | F4: Considérez-vous que le manque d’informations sur la manière d’organiser la vente à domicile (prix adaptés, modalités de livraison locale, règles informelles du quartier) constitue un frein à vos ventes ?
B5: 2 | C5: Marché local (village / petite ville) | D5: Souhaitez-vous accéder à ce type de marché ? | E5: =+'Veille sur le marché'!$B$4 -> 5 | F5: =+'Veille sur le marché'!$B$5 -> 5 | G5: =+'Frein au marché '!B4 -> 11 | H5: =+'Frein au marché '!C4 -> 8 | I5: =+'Frein au marché '!D4 -> 9 | J5: =+'Frein au marché '!E4 -> 9 | K5: =+'Frein au marché '!F4 -> 9 | L5: =+'Frein au marché '!G4 -> 10 | M5: =+'Frein au marché '!H4 -> 11 | N5: =+'Frein au marché '!I4 -> 9 | ... V5: =+'Frein au marché '!Q4 -> 14 | W5: =SUM(E5:V5) -> 188
B6: 3 | C6: Marché Grossistes / Semi-grossistes, Grandes surfaces / Supermarchés, hôtels | D6: Souhaitez-vous accéder à ce type de marché ? | E6: =+'Veille sur le marché'!$C$4 -> 21 | F6: =+'Veille sur le marché'!$C$5 -> 20 | G6: =+'Frein au marché '!B5 -> 18 | H6: =+'Frein au marché '!C5 -> 16 | I6: =+'Frein au marché '!D5 -> 15 | J6: =+'Frein au marché '!E5 -> 22 | K6: =+'Frein au marché '!F5 -> 20 | L6: =+'Frein au marché '!G5 -> 15 | M6: =+'Frein au marché '!H5 -> 14 | N6: =+'Frein au marché '!I5 -> 13 | ... V6: =+'Frein au marché '!Q5 -> 20 | W6: =SUM(E6:V6) -> 317
B7: 4 | C7: Marché de l’Etat : cantines, hôpitaux, écoles, ministères (commandes publiques) | D7: Souhaitez-vous accéder à ce type de marché ? | E7: =+'Veille sur le marché'!$D$4 -> 10 | F7: =+'Veille sur le marché'!$D$5 -> 10 | G7: =+'Frein au marché '!B6 -> 9 | H7: =+'Frein au marché '!C6 -> 9 | I7: =+'Frein au marché '!D6 -> 8 | J7: =+'Frein au marché '!E6 -> 6 | K7: =+'Frein au marché '!F6 -> 6 | L7: =+'Frein au marché '!G6 -> 6 | M7: =+'Frein au marché '!H6 -> 6 | N7: =+'Frein au marché '!I6 -> 6 | ... V7: =+'Frein au marché '!Q6 -> 10 | W7: =SUM(E7:V7) -> 148
B8: 5 | C8: Marché numérique (Facebook, Tiktok, Whatsapp, etc.) | D8: Souhaitez-vous accéder à ce type de marché ? | E8: =+'Veille sur le marché'!$E$4 -> 8 | F8: =+'Veille sur le marché'!$E$5 -> 5 | G8: =+'Frein au marché '!B7 -> 8 | H8: =+'Frein au marché '!C7 -> 5 | I8: =+'Frein au marché '!D7 -> 9 | J8: =+'Frein au marché '!E7 -> 10 | K8: =+'Frein au marché '!F7 -> 10 | L8: =+'Frein au marché '!G7 -> 10 | M8: =+'Frein au marché '!H7 -> 8 | N8: =+'Frein au marché '!I7 -> 7 | ... V8: =+'Frein au marché '!Q7 -> 11 | W8: =SUM(E8:V8) -> 165
B9: 6 | C9: Marché de la sous region | D9: Souhaitez-vous accéder à ce type de marché ? | E9: =+'Veille sur le marché'!$F$4 -> 23 | F9: =+'Veille sur le marché'!$F$5 -> 23 | G9: =+'Frein au marché '!B8 -> 20 | H9: =+'Frein au marché '!C8 -> 18 | I9: =+'Frein au marché '!D8 -> 20 | J9: =+'Frein au marché '!E8 -> 21 | K9: =+'Frein au marché '!F8 -> 25 | L9: =+'Frein au marché '!G8 -> 24 | M9: =+'Frein au marché '!H8 -> 20 | N9: =+'Frein au marché '!I8 -> 19 | ... V9: =+'Frein au marché '!Q8 -> 24 | W9: =SUM(E9:V9) -> 401
B10: 7 | C10: Marché export (à l’étranger) | D10: Souhaitez-vous accéder à ce type de marché ? | E10: =+'Veille sur le marché'!$G$4 -> 21 | F10: =+'Veille sur le marché'!$G$5 -> 21 | G10: =+'Frein au marché '!B9 -> 19 | H10: =+'Frein au marché '!C9 -> 17 | I10: =+'Frein au marché '!D9 -> 21 | J10: =+'Frein au marché '!E9 -> 21 | K10: =+'Frein au marché '!F9 -> 22 | L10: =+'Frein au marché '!G9 -> 20 | M10: =+'Frein au marché '!H9 -> 18 | N10: =+'Frein au marché '!I9 -> 17 | ... V10: =+'Frein au marché '!Q9 -> 22 | W10: =SUM(E10:V10) -> 363

Sheet Analyse resultats
T1: Niveau 1 (Marché Local) | AL1: Niveau 2 (Marché des grossistes) | BD1: Niveau 3 (Marché de l'Etat) | BV1: Niveau 4 (Marché numérique) | CN1: Niveau 5 (Marché de la sous region) | CQ1: Niveau 5 (Marché de la sous region) | DF1: Niveau 6 (Marché internationnal )
T2: Veille sur les marchés | V2: Equipements | Y2: Logistique manquante ou inefficace | AA2: Frein lié aux formations | AE2: Frein lié à l' accès au financement | AL2: Veille sur les marchés | AN2: Equipements | AQ2: Logistique manquante ou inefficace | AS2: Frein lié aux formations | AW2: Frein lié à l' accès au financement | BD2: Veille sur les marchés | BF2: Equipements | BI2: Logistique manquante ou inefficace | BK2: Frein lié aux formations | BO2: Frein lié à l' accès au financement | BV2: Veille sur les marchés | BX2: Equipements | CA2: Logistique manquante ou inefficace | CC2: Frein lié aux formations | CG2: Frein lié à l' accès au financement | CN2: Veille sur les marchés | CP2: Equipements | CS2: Logistique manquante ou inefficace | CU2: Frein lié aux formations | CY2: Frein lié à l' accès au financement | DF2: Veille sur les marchés | DH2: Equipements | DK2: Logistique manquante ou inefficace | DM2: Frein lié aux formations | DQ2: Frein lié à l' accès au financement
A3: # | B3: Nom de l'entreprise | C3: Tel | D3: Ville | E3: longitude | F3: latittude | G3: Effectif | H3: Volume de production mensuel | I3: Structure d'accompagnement | J3: CA FCFA | K3: Filières | L3: Produits | M3: Ancienneté | N3: Marché local (du village / petite ville) | O3: Marché Grossistes / Semi-grossistes, Grandes surfaces / supermarchés, hotels, | P3: Marché de l’Etat (commandes publiques cantine , école, ) | Q3: Marché numérique (vente en ligne, facebook, tiktok….whatsapp.. ;etc) | R3: Marché sous régional (Gabon , nigeri….....) | S3: Marché export (à l’étranger) | T3: Accès limité sur les opportunités du marché | U3: Accès limité au fonctionnement du marché | V3: Stockage | W3: Conditionnement | X3: Conservation | Y3: Moyen de transport – FREIN (version détaillée comme tu veux) | Z3: Coût du transport – FREIN (version détaillée comme tu veux) | AA3: Formation normes & qualité – FREIN | AB3: Formation administrative – FREIN | AC3: Formation numérique – FREIN | AD3: Formation marketing / négociations – FREIN | AE3: Financement équipement – FREIN | AF3: Financement formation normes/qualité – FREIN | AG3: Financement formation marketing / négociations– FREIN | AH3: Financement formation numérique – FREIN | AI3: Financement formation administrative – FREIN | AJ3: Financement développement global – FREIN | AK3: Préfinancement commandes – FREIN | AL3: Accès limité sur les opportunités du marché | AM3: Accès limité au fonctionnement du marché | AN3: Stockage | AO3: Conditionnement | AP3: Conservation | AQ3: Moyen de transport – FREIN (version détaillée comme tu veux) | AR3: Coût du transport – FREIN (version détaillée comme tu veux) | AS3: Formation normes & qualité – FREIN | AT3: Formation administrative – FREIN | AU3: Formation numérique – FREIN | AV3: Formation marketing / négociations – FREIN | AW3: Financement équipement – FREIN | AX3: Financement formation normes/qualité – FREIN | AY3: Financement formation marketing / négociations– FREIN | AZ3: Financement formation numérique – FREIN | BA3: Financement formation administrative – FREIN | BB3: Financement développement global – FREIN | BC3: Préfinancement commandes – FREIN | BD3: Accès limité sur les opportunités du marché | BE3: Accès limité au fonctionnement du marché | BF3: Stockage | BG3: Conditionnement | BH3: Conservation | BI3: Moyen de transport – FREIN (version détaillée comme tu veux) | BJ3: Coût du transport – FREIN (version détaillée comme tu veux) | BK3: Formation normes & qualité – FREIN | BL3: Formation administrative – FREIN | BM3: Formation numérique – FREIN | BN3: Formation marketing / négociations – FREIN | BO3: Financement équipement – FREIN | BP3: Financement formation normes/qualité – FREIN | BQ3: Financement formation marketing / négociations– FREIN | BR3: Financement formation numérique – FREIN | BS3: Financement formation administrative – FREIN | BT3: Financement développement global – FREIN | BU3: Préfinancement commandes – FREIN | BV3: Accès limité sur les opportunités du marché | BW3: Accès limité au fonctionnement du marché | BX3: Stockage | BY3: Conditionnement | BZ3: Conservation | CA3: Moyen de transport – FREIN (version détaillée comme tu veux) | CB3: Coût du transport – FREIN (version détaillée comme tu veux) | CC3: Formation normes & qualité – FREIN | CD3: Formation administrative – FREIN | CE3: Formation numérique – FREIN | CF3: Formation marketing / négociations – FREIN | CG3: Financement équipement – FREIN | CH3: Financement formation normes/qualité – FREIN | CI3: Financement formation marketing / négociations– FREIN | CJ3: Financement formation numérique – FREIN | CK3: Financement formation administrative – FREIN | CL3: Financement développement global – FREIN | CM3: Préfinancement commandes – FREIN | CN3: Accès limité sur les opportunités du marché | CO3: Accès limité au fonctionnement du marché | CP3: Stockage | CQ3: Conditionnement | CR3: Conservation | CS3: Moyen de transport – FREIN (version détaillée comme tu veux) | CT3: Coût du transport – FREIN (version détaillée comme tu veux) | CU3: Formation normes & qualité – FREIN | CV3: Formation administrative – FREIN | CW3: Formation numérique – FREIN | CX3: Formation marketing / négociations – FREIN | CY3: Financement équipement – FREIN | CZ3: Financement formation normes/qualité – FREIN | DA3: Financement formation marketing / négociations– FREIN | DB3: Financement formation numérique – FREIN | DC3: Financement formation administrative – FREIN | DD3: Financement développement global – FREIN | DE3: Préfinancement commandes – FREIN | DF3: Accès limité sur les opportunités du marché | DG3: Accès limité au fonctionnement du marché | DH3: Stockage | DI3: Conditionnement | DJ3: Conservation | DK3: Moyen de transport – FREIN (version détaillée comme tu veux) | DL3: Coût du transport – FREIN (version détaillée comme tu veux) | DM3: Formation normes & qualité – FREIN | DN3: Formation administrative – FREIN | DO3: Formation numérique – FREIN | DP3: Formation marketing / négociations – FREIN | DQ3: Financement équipement – FREIN | DR3: Financement formation normes/qualité – FREIN | DS3: Financement formation marketing / négociations– FREIN | DT3: Financement formation numérique – FREIN | DU3: Financement formation administrative – FREIN | DV3: Financement développement global – FREIN | DW3: Préfinancement commandes – FREIN | DX3: n
A4: 1 | B4: GIC DJOUMA | D4: Bamguel, Maroua | E4: 14° 03′ Est | F4: 10° 48′ Nord | G4: 20 | H4: 50 sacs par saison | I4: NON | J4: 15000000 | K4: Fruits et légumes | L4: Oignons | M4: 10 | N4: OUI | O4: NON | P4: NON | Q4: NON | R4: NON | S4: NON | T4: NON | U4: NON | V4: OUI | W4: OUI | X4: OUI | Y4: OUI | Z4: OUI | AA4: OUI | AB4: OUI | AC4: OUI | AD4: OUI | AE4: OUI | AF4: OUI | AG4: OUI | AH4: OUI | AI4: OUI | AJ4: OUI | AK4: OUI | AL4: OUI | AM4: OUI | AN4: OUI | AO4: NON | AP4: NON | AQ4: OUI | AR4: OUI | AS4: - | AT4: - | AU4: - | AV4: - | AW4: OUI | AY4: OUI | AZ4: OUI | BA4: OUI | BB4: OUI | BC4: OUI
A5: 2 | B5: NDOUMESSI | D5: Kribi, Centre | E5: 9,9167° E | F5: 2,9250° N | G5: 1 | H5: 500 poules - 6 mois | I5: NON | J5: 1200000 | K5: Volaile de chair | L5: Volaile de chair | M5: 2 | N5: OUI | O5: NON | P5: NON | Q5: NON | R5: NON | S5: NON | T5: NON | U5: NON | V5: NON | W5: NON | X5: NON | Y5: NON | Z5: NON | AA5: NON | AB5: NON | AC5: NON | AD5: NON | AE5: NON | AF5: NON | AG5: NON | AH5: NON | AI5: NON | AJ5: NON | AK5: NON | AL5: OUI | AM5: OUI | AN5: NON | AO5: OUI | AP5: NON | AQ5: OUI | AR5: OUI | AS5: NON | AT5: NON | AU5: NON | AV5: NON | AW5: NON | AX5: NON | AY5: NON | AZ5: NON | BA5: NON | BB5: OUI | BC5: NON | BD5: NON | BE5: NON | BF5: NON | BG5: NON | BH5: NON | BI5: NON | BJ5: NON | BK5: NON | BL5: NON | BM5: NON | BN5: NON | BO5: NON | BP5: NON | BQ5: NON | BR5: NON | BS5: NON | BT5: NON | BU5: NON | BV5: NON | BW5: NON | BX5: NON | BY5: NON | BZ5: NON | CA5: NON | CB5: NON | CC5: NON | CD5: NON | CE5: NON | CF5: NON | CG5: NON | CH5: NON | CI5: NON | CJ5: NON | CK5: NON | CL5: NON | CM5: NON | CN5: NON | CO5: NON | CP5: NON | CQ5: NON | CR5: NON | CS5: NON | CT5: NON | CU5: NON | CV5: NON | CW5: NON | CX5: NON | CY5: NON | CZ5: NON | DA5: NON | DB5: NON | DC5: NON | DD5: NON | DE5: NON | DF5: NON | DG5: NON | DH5: NON | DI5: NON | DJ5: NON | DK5: NON | DL5: NON | DM5: NON | DN5: NON | DO5: NON | DP5: NON | DQ5: NON | DR5: NON | DS5: NON | DT5: NON | DU5: NON | DV5: NON | DW5: NON
A6: 3 | B6: GIC PRODUCTEURS DES OIGNONS | C6: 675020727 | D6: Nord | E6: 13.393389 | F6: 9.3226016 | G6: 7 | H6: 37 fois 4 par saison | I6: NON | J6: 3700000 | K6: Fruits et légumes | L6: Oignons | M6: 2 | N6: OUI | O6: NON | P6: NON | Q6: NON | R6: NON | S6: NON | T6: NON | U6: NON | V6: NON | W6: NON | X6: NON | Y6: NON | Z6: NON | AA6: NON | AB6: NON | AC6: NON | AD6: NON | AE6: NON | AF6: NON | AG6: NON | AH6: NON | AI6: NON | AJ6: NON | AK6: NON | AL6: OUI | AM6: OUI | AN6: NON | AO6: NON | AP6: NON | AQ6: OUI | AR6: OUI | AS6: OUI | AT6: OUI | AU6: OUI | AV6: OUI | AW6: OUI | AX6: OUI | AY6: OUI | AZ6: OUI | BA6: OUI | BB6: OUI | BC6: OUI | BD6: NON | BE6: NON | BF6: NON | BG6: NON | BH6: NON | BI6: NON | BJ6: NON | BK6: NON | BL6: NON | BM6: NON | BN6: NON | BO6: NON | BP6: NON | BQ6: NON | BR6: NON | BS6: NON | BT6: NON | BU6: NON | BV6: OUI | BW6: OUI | BX6: OUI | BY6: OUI | BZ6: NON | CA6: OUI | CB6: OUI | CC6: OUI | CD6: OUI | CE6: OUI | CF6: OUI | CG6: OUI | CH6: OUI | CI6: OUI | CJ6: OUI | CK6: OUI | CL6: OUI | CM6: OUI | CN6: NON | CO6: NON | CP6: NON | CQ6: NON | CR6: NON | CS6: NON | CT6: NON | CU6: NON | CV6: NON | CW6: NON | CX6: NON | CY6: NON | CZ6: NON | DA6: NON | DB6: NON | DC6: NON | DD6: NON | DE6: NON | DF6: NON | DG6: NON | DH6: NON | DI6: NON | DJ6: NON | DK6: NON | DL6: NON | DM6: NON | DN6: NON | DO6: NON | DP6: NON | DQ6: NON | DR6: NON | DS6: NON | DT6: NON | DU6: NON | DV6: NON | DW6: NON
A7: 4 | B7: GIC PRODUCTEURS DES PEPINIERES DE MAYO-LOUE | C7: 699701299 | D7: Nord | E7: 13,2174246° E | F7: 8,2410564° N | G7: 16 | H7: 32 sacs | I7: NON | J7: 1500000 | K7: Fruits et légumes | L7: Piment | M7: 10 | N7: OUI | O7: OUI | P7: NON | Q7: NON | R7: NON | S7: NON | T7: NON | U7: NON | V7: NON | W7: NON | X7: NON | Y7: NON | Z7: NON | AA7: NON | AB7: NON | AC7: NON | AD7: NON | AE7: NON | AF7: NON | AG7: NON | AH7: NON | AI7: NON | AJ7: NON | AK7: NON | AL7: NON | AM7: NON | AN7: NON | AO7: NON | AP7: NON | AQ7: NON | AR7: NON | AS7: NON | AT7: NON | AU7: NON | AV7: NON | AW7: NON | AX7: NON | AY7: NON | AZ7: NON | BA7: NON | BB7: NON | BC7: NON | BD7: NON | BE7: NON | BF7: NON | BG7: NON | BH7: NON | BI7: NON | BJ7: NON | BK7: NON | BL7: NON | BM7: NON | BN7: NON | BO7: NON | BP7: NON | BQ7: NON | BR7: NON | BS7: NON | BT7: NON | BU7: NON | BV7: NON | BW7: NON | BX7: NON | BY7: NON | BZ7: NON | CA7: NON | CB7: NON | CC7: NON | CD7: NON | CE7: NON | CF7: NON | CG7: NON | CH7: NON | CI7: NON | CJ7: NON | CK7: NON | CL7: NON | CM7: NON | CN7: OUI | CO7: OUI | CP7: OUI | CQ7: OUI | CR7: NON | CS7: OUI | CT7: OUI | CU7: OUI | CV7: OUI | CW7: OUI | CX7: OUI | CY7: OUI | CZ7: OUI | DA7: OUI | DB7: OUI | DC7: OUI | DD7: OUI | DE7: OUI | DF7: NON | DG7: NON | DH7: NON | DI7: NON | DJ7: NON | DK7: NON | DL7: NON | DM7: NON | DN7: NON | DO7: NON | DP7: NON | DQ7: NON | DR7: NON | DS7: NON | DT7: NON | DU7: NON | DV7: NON | DW7: NON
A8: 5 | B8: GIC MADINA DES PRODUCTEURS DES CULTURES MARAICHERES DE BARGARAM | C8: 652591465 | D8: Ilarifa, Extreme nord | E8: 14° 57' 00" Est | F8: 12° 26' 24" Nord | G8: 13 | H8: 50 Sacs de par an | I8: NON | J8: 2500000 | K8: Fruits et légumes | L8: Piment | M8: 10 | N8: OUI | O8: NON | P8: NON | Q8: NON | R8: NON | S8: NON | T8: NON | U8: NON | V8: NON | W8: NON | X8: NON | Y8: NON | Z8: NON | AA8: NON | AB8: NON | AC8: NON | AD8: NON | AE8: NON | AF8: NON | AG8: NON | AH8: NON | AI8: NON | AJ8: NON | AK8: NON | AL8: NON | AM8: NON | AN8: NON | AO8: NON | AP8: NON | AQ8: NON | AR8: NON | AS8: NON | AT8: NON | AU8: NON | AV8: NON | AW8: NON | AX8: NON | AY8: NON | AZ8: NON | BA8: NON | BB8: NON | BC8: NON | BD8: NON | BE8: NON | BF8: NON | BG8: NON | BH8: NON | BI8: NON | BJ8: NON | BK8: NON | BL8: NON | BM8: NON | BN8: NON | BO8: NON | BP8: NON | BQ8: NON | BR8: NON | BS8: NON | BT8: NON | BU8: NON | BV8: OUI | BW8: OUI | BX8: NON | BY8: NON | BZ8: NON | CA8: OUI | CB8: OUI | CC8: NON | CD8: OUI | CE8: OUI | CF8: OUI | CG8: OUI | CH8: OUI | CI8: OUI | CJ8: OUI | CK8: OUI | CL8: OUI | CM8: NON | CN8: NON | CO8: NON | CP8: NON | CQ8: NON | CR8: NON | CS8: NON | CT8: NON | CU8: NON | CV8: NON | CW8: NON | CX8: NON | CY8: NON | CZ8: NON | DA8: NON | DB8: NON | DC8: NON | DD8: NON | DE8: NON | DF8: NON | DG8: NON | DH8: NON | DI8: NON | DJ8: NON | DK8: NON | DL8: NON | DM8: NON | DN8: NON | DO8: NON | DP8: NON | DQ8: NON | DR8: NON | DS8: NON | DT8: NON | DU8: NON | DV8: NON | DW8: NON
A9: 6 | B9: groupe des élèves de Volaille de Rouge | C9: 676502725 | D9: Donry-BENOUE | E9: 13.393389 | F9: 9.3226016 | G9: 11 | H9: voliume par saison : 2024(14 tonnes) et 2025(10 tonnes) | I9: NON | J9: 2000000 | K9: Volaile de chair | L9: Volaile et production de mais | M9: 14 | N9: OUI | O9: NON | P9: NON | Q9: NON | R9: NON | S9: NON | T9: OUI | U9: OUI | V9: OUI | W9: OUI | X9: OUI | Y9: OUI | Z9: OUI | AA9: OUI | AB9: OUI | AC9: OUI | AD9: OUI | AE9: OUI | AF9: OUI | AG9: OUI | AH9: OUI | AI9: OUI | AJ9: OUI | AK9: OUI | AL9: NON | AM9: NON | AN9: NON | AO9: NON | AP9: NON | AQ9: NON | AR9: NON | AS9: NON | AT9: NON | AU9: NON | AV9: NON | AW9: NON | AX9: NON | AY9: NON | AZ9: NON | BA9: NON | BB9: NON | BC9: NON | BD9: NON | BE9: NON | BF9: NON | BG9: NON | BH9: NON | BI9: NON | BJ9: NON | BK9: NON | BL9: NON | BM9: NON | BN9: NON | BO9: NON | BP9: NON | BQ9: NON | BR9: NON | BS9: NON | BT9: NON | BU9: NON | BV9: NON | BW9: NON | BX9: NON | BY9: NON | BZ9: NON | CA9: NON | CB9: NON | CC9: NON | CD9: NON | CE9: NON | CF9: NON | CG9: NON | CH9: NON | CI9: NON | CJ9: NON | CK9: NON | CL9: NON | CM9: NON | CN9: NON | CO9: NON | CP9: NON | CQ9: NON | CR9: NON | CS9: NON | CT9: NON | CU9: NON | CV9: NON | CW9: NON | CX9: NON | CY9: NON | CZ9: NON | DA9: NON | DB9: NON | DC9: NON | DD9: NON | DE9: NON | DF9: NON | DG9: NON | DH9: NON | DI9: NON | DJ9: NON | DK9: NON | DL9: NON | DM9: NON | DN9: NON | DO9: NON | DP9: NON | DQ9: NON | DR9: NON | DS9: NON | DT9: NON | DU9: NON | DV9: NON | DW9: NON
A10: 7 | B10: Société coopérative simplifiée des éleveurs de poulet, de chair | C10: 691772660 | D10: NASSARAO-GAROUA | E10: 13,59838° | F10: 9,91167° | G10: 40 | H10: environ 600 alvéoles d'oeufs par jour | I10: NON | J10: 1200000 | K10: Volaile de chair | L10: poulet pondeuse et maîs | M10: 5 | N10: OUI | O10: OUI | P10: NON | Q10: NON | R10: NON | S10: NON | V10: OUI | W10: OUI | X10: OUI | Y10: NON | Z10: NON | AA10: NON | AB10: NON | AC10: NON | AD10: NON | AE10: NON | AF10: NON | AG10: NON | AH10: NON | AI10: NON | AJ10: NON | AK10: NON | AN10: NON | AQ10: NON | AR10: NON | AS10: NON | AT10: NON | AU10: NON | AV10: NON | AW10: NON | AX10: NON | AY10: NON | AZ10: NON | BA10: NON | BB10: NON | BC10: NON | BD10: NON | BE10: NON | BF10: NON | BG10: NON | BH10: NON | BI10: NON | BJ10: NON | BK10: NON | BL10: NON | BM10: NON | BN10: NON | BO10: NON | BP10: NON | BQ10: NON | BR10: NON | BS10: NON | BT10: NON | BU10: NON | BV10: NON | BW10: NON | BX10: NON | BY10: NON | BZ10: NON | CA10: NON | CB10: NON | CC10: NON | CD10: NON | CE10: NON | CF10: NON | CG10: NON | CH10: NON | CI10: NON | CJ10: NON | CK10: NON | CL10: NON | CM10: NON | CN10: NON | CO10: NON | CP10: NON | CQ10: NON | CR10: NON | CS10: NON | CT10: NON | CU10: NON | CV10: NON | CW10: NON | CX10: NON | CY10: NON | CZ10: NON | DA10: NON | DB10: NON | DC10: NON | DD10: NON | DE10: NON | DF10: NON | DG10: NON | DH10: NON | DI10: NON | DJ10: NON | DK10: NON | DL10: NON | DM10: NON | DN10: NON | DO10: NON | DP10: NON | DQ10: NON | DR10: NON | DS10: NON | DT10: NON | DU10: NON | DV10: NON | DW10: NON
A11: 8 | B11: Mandu, à Wawo, épouse Mbakom | C11: 696112432 | D11: foumbot | E11: 10.636548 | F11: 5.502894 | G11: 100 | H11: en moyenne 5 poulets par jour | I11: NON | J11: 6000000 | K11: Volaile de chair | L11: vente de poulet | M11: 3 | N11: OUI | O11: OUI | P11: NON | Q11: NON | R11: NON | S11: NON | T11: NON | U11: NON | V11: OUI | W11: NON | X11: OUI | Y11: OUI | Z11: OUI | AA11: NON | AB11: NON | AC11: NON | AD11: NON | AE11: NON | AF11: NON | AG11: NON | AH11: NON | AI11: NON | AJ11: NON | AK11: NON | AL11: NON | AM11: NON | AN11: OUI | AO11: OUI | AP11: OUI | AQ11: OUI | AR11: OUI | AS11: NON | AT11: NON | AU11: NON | AV11: NON | AW11: NON | AX11: NON | AY11: NON | AZ11: NON | BA11: NON | BB11: NON | BC11: NON | BD11: NON | BE11: NON | BF11: NON | BG11: NON | BH11: NON | BI11: NON | BJ11: NON | BK11: NON | BL11: NON | BM11: NON | BN11: NON | BO11: NON | BP11: NON | BQ11: NON | BR11: NON | BS11: NON | BT11: NON | BU11: NON | BV11: NON | BW11: NON | BX11: NON | BY11: NON | BZ11: NON | CA11: NON | CB11: NON | CC11: NON | CD11: NON | CE11: NON | CF11: NON | CG11: NON | CH11: NON | CI11: NON | CJ11: NON | CK11: NON | CL11: NON | CM11: NON | CN11: NON | CO11: NON | CP11: NON | CQ11: NON | CR11: NON | CS11: NON | CT11: NON | CU11: NON | CV11: NON | CW11: NON | CX11: NON | CY11: NON | CZ11: NON | DA11: NON | DB11: NON | DC11: NON | DD11: NON | DE11: NON | DF11: NON | DG11: NON | DH11: NON | DI11: NON | DJ11: NON | DK11: NON | DL11: NON | DM11: NON | DN11: NON | DO11: NON | DP11: NON | DQ11: NON | DR11: NON | DS11: NON | DT11: NON | DU11: NON | DV11: NON | DW11: NON
A12: 9 | B12: GROUPE D'INITIATIVE COMMUNE DES PRODUCTEURS ET COMMERCANTS DES FRUITS DU MAYO-DANAY | C12: 698252640 | D12: Caïcaï, dans le quartier Mangal(maroua) | E12: 15.0284567° E | F12: 10.6667589° N | G12: 14 | H12: 200 sacs de goyaves | I12: NON | J12: 4000000 | K12: Fruits et légumes | L12: goyaves | M12: 7 | N12: OUI | O12: NON | P12: NON | Q12: NON | R12: NON | S12: NON | T12: NON | U12: NON | V12: NON | W12: NON | X12: NON | Y12: NON | Z12: NON | AA12: NON | AB12: NON | AC12: NON | AD12: NON | AE12: NON | AF12: NON | AG12: NON | AH12: NON | AI12: NON | AJ12: NON | AK12: NON | AL12: NON | AM12: NON | AN12: NON | AO12: NON | AP12: NON | AQ12: NON | AR12: NON | AS12: NON | AT12: NON | AU12: NON | AV12: NON | AW12: NON | AX12: NON | AY12: NON | AZ12: NON | BA12: NON | BB12: NON | BC12: NON | BD12: NON | BE12: NON | BF12: NON | BG12: NON | BH12: NON | BI12: NON | BJ12: NON | BK12: NON | BL12: NON | BM12: NON | BN12: NON | BO12: NON | BP12: NON | BQ12: NON | BR12: NON | BS12: NON | BT12: NON | BU12: NON | BV12: NON | BW12: NON | BX12: NON | BY12: NON | BZ12: NON | CA12: NON | CB12: NON | CC12: NON | CD12: NON | CE12: NON | CF12: NON | CG12: NON | CH12: NON | CI12: NON | CJ12: NON | CK12: NON | CL12: NON | CM12: NON | CN12: OUI | CO12: OUI | CP12: OUI | CQ12: OUI | CR12: OUI | CS12: NON | CT12: OUI | CU12: OUI | CV12: OUI | CW12: OUI | CX12: OUI | CY12: OUI | CZ12: OUI | DA12: OUI | DB12: OUI | DC12: OUI | DD12: OUI | DE12: OUI | DF12: NON | DG12: NON | DH12: NON | DI12: NON | DJ12: NON | DK12: NON | DL12: NON | DM12: NON | DN12: NON | DO12: NON | DP12: NON | DQ12: NON | DR12: NON | DS12: NON | DT12: NON | DU12: NON | DV12: NON | DW12: NON | DX12: n
A13: 10 | B13: SCOOPS PROD. MAÏS ET OIGNONS KOZA | C13: 696676662 | D13: Caïcaï, dans le quartier Mangal(maroua) | E13: 15.0284567° E | F13: 10.6667589° N | G13: 33 | H13: 80 tonne par an | I13: NON | J13: 45000000 | K13: Fruits et légumes | L13: maïs et l'oignon. | M13: 11 | N13: OUI | O13: NON | P13: NON | Q13: NON | R13: NON | S13: NON | T13: NON | U13: NON | V13: NON | W13: NON | X13: NON | Y13: NON | Z13: NON | AA13: NON | AB13: NON | AC13: NON | AD13: NON | AE13: NON | AF13: NON | AG13: NON | AH13: NON | AI13: NON | AJ13: NON | AK13: NON | AL13: OUI | AM13: OUI | AN13: NON | AO13: NON | AP13: OUI | AQ13: OUI | AR13: NON | AS13: NON | AT13: NON | AU13: NON | AV13: NON | AW13: OUI | AX13: NON | AY13: NON | AZ13: NON | BA13: NON | BB13: OUI | BC13: OUI | BD13: NON | BE13: NON | BF13: NON | BG13: NON | BH13: NON | BI13: NON | BJ13: NON | BK13: NON | BL13: NON | BM13: NON | BN13: NON | BO13: NON | BP13: NON | BQ13: NON | BR13: NON | BS13: NON | BT13: NON | BU13: NON | BV13: NON | BW13: NON | BX13: NON | BY13: NON | BZ13: NON | CA13: NON | CB13: NON | CC13: NON | CD13: NON | CE13: NON | CF13: NON | CG13: NON | CH13: NON | CI13: NON | CJ13: NON | CK13: NON | CL13: NON | CM13: NON | CN13: NON | CO13: NON | CP13: NON | CQ13: NON | CR13: NON | CS13: NON | CT13: NON | CU13: NON | CV13: NON | CW13: NON | CX13: NON | CY13: NON | CZ13: NON | DA13: NON | DB13: NON | DC13: NON | DD13: NON | DE13: NON | DF13: NON | DG13: NON | DH13: NON | DI13: NON | DJ13: NON | DK13: NON | DL13: NON | DM13: NON | DN13: NON | DO13: NON | DP13: NON | DQ13: NON | DR13: NON | DS13: NON | DT13: NON | DU13: NON | DV13: NON | DW13: NON | DX13: n
A14: 11 | B14: SOCIETE COOPERATIVE AVEC CONSEIL D'ADMINISTRATION DES PRODUCTEURS D'OIGNON DE NGONG | C14: 695245414 | D14: Tamoundé, en allant vers Tukalongo | E14: 13.1833 | F14: 9.01667 | G14: 30 | H14: 528 tonne par an | I14: NON | J14: 50000000 | K14: Fruits et légumes | L14: oignon, mais aussi le riz et les haricots. | M14: 7 | N14: OUI | O14: NON | P14: NON | Q14: NON | R14: NON | S14: NON | T14: NON | U14: NON | V14: NON | W14: NON | X14: NON | Y14: NON | Z14: NON | AA14: NON | AB14: NON | AC14: NON | AD14: NON | AE14: NON | AF14: NON | AG14: NON | AH14: NON | AI14: NON | AJ14: NON | AK14: NON | AL14: OUI | AM14: OUI | AN14: OUI | AO14: OUI | AP14: OUI | AQ14: OUI | AR14: OUI | AS14: OUI | AT14: OUI | AU14: OUI | AV14: OUI | AW14: OUI | AX14: OUI | AY14: OUI | AZ14: OUI | BA14: OUI | BB14: OUI | BC14: OUI | BD14: NON | BE14: NON | BF14: NON | BG14: NON | BH14: NON | BI14: NON | BJ14: NON | BK14: NON | BL14: NON | BM14: NON | BN14: NON | BO14: NON | BP14: NON | BQ14: NON | BR14: NON | BS14: NON | BT14: NON | BU14: NON | BV14: NON | BW14: NON | BX14: NON | BY14: NON | BZ14: NON | CA14: NON | CB14: NON | CC14: NON | CD14: NON | CE14: NON | CF14: NON | CG14: NON | CH14: NON | CI14: NON | CJ14: NON | CK14: NON | CL14: NON | CM14: NON | CN14: NON | CO14: NON | CP14: NON | CQ14: NON | CR14: NON | CS14: NON | CT14: NON | CU14: NON | CV14: NON | CW14: NON | CX14: NON | CY14: NON | CZ14: NON | DA14: NON | DB14: NON | DC14: NON | DD14: NON | DE14: NON | DF14: NON | DG14: NON | DH14: NON | DI14: NON | DJ14: NON | DK14: NON | DL14: NON | DM14: NON | DN14: NON | DO14: NON | DP14: NON | DQ14: NON | DR14: NON | DS14: NON | DT14: NON | DU14: NON | DV14: NON | DW14: NON | DX14: n
A15: 12 | B15: Société des Producteurs d'Oignons | C15: 69000012 | D15: Dockbar, en allant vers Tamoundé | E15: 13.1833 | F15: 9.01667 | G15: 53 | H15: 1700 SACS par an | I15: NON | J15: 35000000 | K15: Fruits et légumes | L15: oignon, mais aussi le riz et les haricots. | M15: 15 | N15: OUI | O15: NON | P15: NON | Q15: NON | R15: NON | S15: NON | T15: NON | U15: NON | V15: NON | W15: NON | X15: NON | Y15: NON | Z15: NON | AA15: NON | AB15: NON | AC15: NON | AD15: NON | AE15: NON | AF15: NON | AG15: NON | AH15: NON | AI15: NON | AJ15: NON | AK15: NON | AL15: NON | AM15: NON | AN15: NON | AO15: NON | AP15: NON | AQ15: NON | AR15: NON | AS15: NON | AT15: NON | AU15: NON | AV15: NON | AW15: NON | AX15: NON | AY15: NON | AZ15: NON | BA15: NON | BB15: NON | BC15: NON | BD15: NON | BE15: NON | BF15: NON | BG15: NON | BH15: NON | BI15: NON | BJ15: NON | BK15: NON | BL15: NON | BM15: NON | BN15: NON | BO15: NON | BP15: NON | BQ15: NON | BR15: NON | BS15: NON | BT15: NON | BU15: NON | BV15: NON | BW15: NON | BX15: NON | BY15: NON | BZ15: NON | CA15: NON | CB15: NON | CC15: NON | CD15: NON | CE15: NON | CF15: NON | CG15: NON | CH15: NON | CI15: NON | CJ15: NON | CK15: NON | CL15: NON | CM15: NON | CN15: NON | CO15: NON | CP15: NON | CQ15: NON | CR15: NON | CS15: NON | CT15: NON | CU15: NON | CV15: NON | CW15: NON | CX15: NON | CY15: NON | CZ15: NON | DA15: NON | DB15: NON | DC15: NON | DD15: NON | DE15: NON | DF15: OUI | DG15: OUI | DH15: OUI | DI15: OUI | DJ15: OUI | DK15: OUI | DL15: OUI | DM15: OUI | DN15: OUI | DO15: OUI | DP15: OUI | DQ15: OUI | DR15: OUI | DS15: OUI | DT15: OUI | DU15: OUI | DV15: OUI | DW15: OUI | DX15: n
A16: 13 | B16: NOPING | C16: 691027853 | D16: DOUALA | E16: 9° 41′ 08″ E | F16: 4° 03′ 05″ N | G16: 2 | H16: 120 / 200 cartons par mois | I16: NON | J16: 36400000 | K16: Volaile de chair | L16: œufs | M16: 3 | N16: OUI | O16: NON | P16: OUI | Q16: NON | R16: NON | S16: NON | T16: NON | U16: NON | V16: OUI | W16: OUI | X16: OUI | Y16: NON | Z16: NON | AA16: NON | AB16: NON | AC16: NON | AD16: NON | AE16: OUI | AF16: OUI | AG16: OUI | AH16: NON | AI16: OUI | AJ16: OUI | AK16: OUI | AL16: OUI | AM16: OUI | AN16: OUI | AO16: NON | AP16: NON | AQ16: OUI | AR16: OUI | AS16: NON | AT16: NON | AU16: NON | AV16: NON | AW16: OUI | AX16: OUI | AY16: OUI | AZ16: OUI | BA16: OUI | BB16: OUI | BC16: OUI | BD16: OUI | BE16: OUI | BF16: OUI | BG16: OUI | BH16: OUI | BI16: NON | BJ16: NON | BK16: NON | BL16: NON | BM16: NON | BN16: OUI | BO16: OUI | BP16: OUI | BQ16: NON | BR16: NON | BS16: OUI | BT16: OUI | BU16: OUI | BV16: OUI | BW16: NON | BX16: OUI | BY16: NON | BZ16: OUI | CA16: OUI | CB16: OUI | CC16: OUI | CD16: NON | CE16: NON | CF16: OUI | CG16: OUI | CH16: OUI | CI16: NON | CJ16: NON | CK16: OUI | CL16: OUI | CM16: OUI | CN16: OUI | CO16: OUI | CP16: OUI | CQ16: NON | CR16: OUI | CS16: OUI | CT16: OUI | CU16: OUI | CV16: NON | CW16: NON | CX16: OUI | CY16: OUI | CZ16: OUI | DA16: NON | DB16: NON | DC16: OUI | DD16: OUI | DE16: OUI | DF16: OUI | DG16: OUI | DH16: OUI | DI16: NON | DJ16: OUI | DK16: OUI | DL16: OUI | DM16: OUI | DN16: NON | DO16: NON | DP16: OUI | DQ16: OUI | DR16: OUI | DS16: NON | DT16: NON | DU16: OUI | DV16: OUI | DW16: OUI | DX16: n
A17: 14 | B17: Sanaga Farms | C17: 699612687 | D17: BAFOUSSAM | E17: 10° 25' 3.32" E | F17: 5° 28' 39.90" N | G17: 20 | H17: 4166 Poulets par mois | I17: NON | J17: 200000000 | K17: Volaile de chair | L17: Poulets de chair | M17: 15 | N17: OUI | O17: OUI | P17: NON | Q17: NON | R17: NON | S17: NON | T17: NON | U17: NON | V17: OUI | W17: OUI | X17: OUI | Y17: NON | Z17: NON | AA17: NON | AB17: NON | AC17: NON | AD17: NON | AE17: OUI | AF17: OUI | AG17: OUI | AH17: NON | AI17: NON | AJ17: OUI | AK17: OUI | AL17: NON | AM17: NON | AN17: OUI | AO17: NON | AP17: NON | AQ17: OUI | AR17: OUI | AS17: OUI | AT17: NON | AU17: NON | AV17: NON | AW17: OUI | AX17: OUI | AY17: OUI | AZ17: OUI | BA17: OUI | BB17: OUI | BC17: OUI | BD17: OUI | BE17: OUI | BF17: OUI | BG17: OUI | BH17: OUI | BI17: NON | BJ17: NON | BK17: NON | BL17: NON | BM17: NON | BN17: OUI | BO17: OUI | BP17: OUI | BQ17: NON | BR17: NON | BS17: OUI | BT17: OUI | BU17: OUI | BV17: OUI | BW17: NON | BX17: OUI | BY17: NON | BZ17: OUI | CA17: OUI | CB17: OUI | CC17: OUI | CD17: NON | CE17: NON | CF17: OUI | CG17: OUI | CH17: OUI | CI17: NON | CJ17: NON | CK17: OUI | CL17: OUI | CM17: OUI | CN17: OUI | CO17: OUI | CP17: OUI | CQ17: NON | CR17: OUI | CS17: OUI | CT17: OUI | CU17: OUI | CV17: NON | CW17: NON | CX17: OUI | CY17: OUI | CZ17: OUI | DA17: NON | DB17: NON | DC17: OUI | DD17: OUI | DE17: OUI | DF17: OUI | DG17: OUI | DH17: OUI | DI17: NON | DJ17: OUI | DK17: OUI | DL17: OUI | DM17: OUI | DN17: NON | DO17: NON | DP17: OUI | DQ17: OUI | DR17: OUI | DS17: NON | DT17: NON | DU17: OUI | DV17: OUI | DW17: OUI | DX17: n
A18: 15 | B18: Madame Saïz épouse Wemny | C18: 677766234 / 696606480 | D18: Yaoundé et à Ebolowa | E18: 11° 08' 60.00" E | F18: 2° 54' 59.99" N | G18: Entre 10 et 20 | H18: 4000 | I18: NON | J18: 2500000 | K18: Volaile de chair | L18: Élevage de poulets, poussins, aliments pour nourrir la volaille | M18: 5 | N18: OUI | O18: NON | P18: NON | Q18: NON | R18: NON | S18: NON | T18: NON | U18: NON | V18: NON | W18: NON | X18: NON | Y18: NON | Z18: NON | AA18: OUI | AB18: OUI | AC18: NON | AD18: NON | AE18: OUI | AF18: OUI | AG18: OUI | AH18: OUI | AI18: OUI | AJ18: OUI | AK18: OUI | AL18: NON | AM18: NON | AN18: NON | AO18: NON | AP18: NON | AQ18: NON | AR18: NON | AS18: NON | AT18: NON | AU18: NON | AV18: NON | AW18: NON | AX18: NON | AY18: NON | AZ18: NON | BA18: NON | BB18: NON | BC18: NON | BD18: NON | BE18: NON | BF18: NON | BG18: NON | BH18: NON | BI18: NON | BJ18: NON | BK18: NON | BL18: NON | BM18: NON | BN18: NON | BO18: NON | BP18: NON | BQ18: NON | BR18: NON | BS18: NON | BT18: NON | BU18: NON | BV18: NON | BW18: NON | BX18: NON | BY18: NON | BZ18: NON | CA18: NON | CB18: NON | CC18: NON | CD18: NON | CE18: NON | CF18: NON | CG18: NON | CH18: NON | CI18: NON | CJ18: NON | CK18: NON | CL18: NON | CM18: NON | CN18: NON | CO18: NON | CP18: NON | CQ18: NON | CR18: NON | CS18: NON | CT18: NON | CU18: NON | CV18: NON | CW18: NON | CX18: NON | CY18: NON | CZ18: NON | DA18: NON | DB18: NON | DC18: NON | DD18: NON | DE18: NON | DF18: NON | DG18: NON | DH18: NON | DI18: NON | DJ18: NON | DK18: NON | DL18: NON | DM18: NON | DN18: NON | DO18: NON | DP18: NON | DQ18: NON | DR18: NON | DS18: NON | DT18: NON | DU18: NON | DV18: NON | DW18: NON | DX18: n
A19: 16 | B19: Coopérative d'éleveurs de canards et de poulets de Bupindi | C19: 674853303 | D19: Bipindi | E19: 10° 24' 59.99" E | F19: 3° 04' 60.00" N | G19: 10 | H19: 500 | I19: NON | J19: 3000000 | K19: Volaile de chair | L19: Élevage de canards et de poulets | M19: 5 | N19: OUI | O19: NON | P19: NON | Q19: NON | R19: NON | S19: NON | T19: NON | U19: NON | V19: NON | W19: NON | X19: NON | Y19: NON | Z19: NON | AA19: NON | AB19: OUI | AC19: NON | AD19: NON | AE19: OUI | AF19: OUI | AG19: OUI | AH19: OUI | AI19: OUI | AJ19: OUI | AK19: OUI | AL19: NON | AM19: NON | AN19: NON | AO19: NON | AP19: NON | AQ19: NON | AR19: NON | AS19: NON | AT19: NON | AU19: NON | AV19: NON | AW19: NON | AX19: NON | AY19: NON | AZ19: NON | BA19: NON | BB19: NON | BC19: NON | BD19: NON | BE19: NON | BF19: NON | BG19: NON | BH19: NON | BI19: NON | BJ19: NON | BK19: NON | BL19: NON | BM19: NON | BN19: NON | BO19: NON | BP19: NON | BQ19: NON | BR19: NON | BS19: NON | BT19: NON | BU19: NON | BV19: NON | BW19: NON | BX19: NON | BY19: NON | BZ19: NON | CA19: NON | CB19: NON | CC19: NON | CD19: NON | CE19: NON | CF19: NON | CG19: NON | CH19: NON | CI19: NON | CJ19: NON | CK19: NON | CL19: NON | CM19: NON | CN19: NON | CO19: NON | CP19: NON | CQ19: NON | CR19: NON | CS19: NON | CT19: NON | CU19: NON | CV19: NON | CW19: NON | CX19: NON | CY19: NON | CZ19: NON | DA19: NON | DB19: NON | DC19: NON | DD19: NON | DE19: NON | DF19: NON | DG19: NON | DH19: NON | DI19: NON | DJ19: NON | DK19: NON | DL19: NON | DM19: NON | DN19: NON | DO19: NON | DP19: NON | DQ19: NON | DR19: NON | DS19: NON | DT19: NON | DU19: NON | DV19: NON | DW19: NON | DX19: n
A20: 17 | B20: TIOMELA CLOTILDE | C20: 675151364 | D20: foumbot | E20: 10.636548 | F20: 5.502894 | G20: 5 | H20: 400 | I20: NON | J20: 6000000 | K20: Volaile de chair | L20: vente de poulet | M20: 5 | N20: OUI | O20: OUI | P20: OUI | Q20: OUI | R20: OUI | S20: OUI | T20: NON | U20: NON | V20: NON | W20: NON | X20: NON | Y20: NON | Z20: NON | AA20: NON | AB20: NON | AC20: NON | AD20: NON | AE20: NON | AF20: NON | AG20: NON | AH20: NON | AI20: NON | AJ20: NON | AK20: NON | AL20: NON | AM20: NON | AN20: NON | AO20: NON | AP20: NON | AQ20: NON | AR20: NON | AS20: NON | AT20: NON | AU20: NON | AV20: NON | AW20: NON | AX20: NON | AY20: NON | AZ20: NON | BA20: NON | BB20: NON | BC20: NON | BD20: NON | BE20: NON | BF20: NON | BG20: NON | BH20: NON | BI20: NON | BJ20: NON | BK20: NON | BL20: NON | BM20: NON | BN20: NON | BO20: NON | BP20: NON | BQ20: NON | BR20: NON | BS20: NON | BT20: NON | BU20: NON | BV20: NON | BW20: NON | BX20: NON | BY20: NON | BZ20: NON | CA20: NON | CB20: NON | CC20: NON | CD20: NON | CE20: NON | CF20: NON | CG20: NON | CH20: NON | CI20: NON | CJ20: NON | CK20: NON | CL20: NON | CM20: NON | CN20: OUI | CO20: OUI | CP20: OUI | CQ20: OUI | CR20: OUI | CS20: OUI | CT20: OUI | CU20: OUI | CV20: OUI | CW20: OUI | CX20: OUI | CY20: OUI | CZ20: OUI | DA20: OUI | DB20: OUI | DC20: OUI | DD20: OUI | DE20: OUI | DF20: OUI | DG20: OUI | DH20: OUI | DI20: OUI | DJ20: OUI | DK20: OUI | DL20: OUI | DM20: OUI | DN20: OUI | DO20: OUI | DP20: OUI | DQ20: OUI | DR20: OUI | DS20: OUI | DT20: OUI | DU20: OUI | DV20: OUI | DW20: OUI
A21: 18 | B21: GROUPE D'INITIATIVE COMMUNE DE FABRICATION NATURELLE DE YAOURT DU LITTORAL CENTRE | C21: 699788027 | D21: Littoral | G21: 8 | H21: 300 | I21: NON | J21: 4000000 | K21: Lait | L21: Lait | M21: 22 | N21: OUI | O21: OUI | P21: NON | Q21: NON | R21: NON | S21: NON | T21: NON | U21: NON | V21: NON | W21: NON | X21: NON | Y21: NON | Z21: NON | AA21: NON | AB21: NON | AC21: NON | AD21: NON | AE21: NON | AF21: NON | AG21: NON | AH21: NON | AI21: NON | AJ21: NON | AK21: NON | AL21: OUI | AM21: OUI | AN21: NON | AO21: NON | AP21: NON | AQ21: OUI | AR21: OUI | AS21: OUI | AT21: OUI | AU21: OUI | AV21: OUI | AW21: OUI | AX21: OUI | AY21: OUI | AZ21: OUI | BA21: OUI | BB21: OUI | BC21: OUI | BD21: NON | BE21: NON | BF21: NON | BG21: NON | BH21: NON | BI21: NON | BJ21: NON | BK21: NON | BL21: NON | BM21: NON | BN21: NON | BO21: NON | BP21: NON | BQ21: NON | BR21: NON | BS21: NON | BT21: NON | BU21: NON | BV21: NON | BW21: NON | BX21: NON | BY21: NON | BZ21: NON | CA21: NON | CB21: NON | CC21: NON | CD21: NON | CE21: NON | CF21: NON | CG21: NON | CH21: NON | CI21: NON | CJ21: NON | CK21: NON | CL21: NON | CM21: NON | CN21: NON | CO21: NON | CP21: NON | CQ21: NON | CR21: NON | CS21: NON | CT21: NON | CU21: NON | CV21: NON | CW21: NON | CX21: NON | CY21: NON | CZ21: NON | DA21: NON | DB21: NON | DC21: NON | DD21: NON | DE21: NON | DF21: NON | DG21: NON | DH21: NON | DI21: NON | DJ21: NON | DK21: NON | DL21: NON | DM21: NON | DN21: NON | DO21: NON | DP21: NON | DQ21: NON | DR21: NON | DS21: NON | DT21: NON | DU21: NON | DV21: NON | DW21: NON
A22: 19 | B22: GIC DES PRODUCTRICES DE MANIOC | C22: 678227820 | D22: Littoral | G22: 5 | H22: 20 tonnes | I22: NON | J22: 2000000 | K22: Manioc et autres tubercules | L22: Manioc | M22: 5 | N22: OUI | O22: NON | P22: NON | Q22: NON | R22: NON | S22: NON | T22: NON | U22: NON | V22: NON | W22: NON | X22: NON | Y22: NON | Z22: NON | AA22: NON | AB22: NON | AC22: NON | AD22: NON | AE22: NON | AF22: NON | AG22: NON | AH22: NON | AI22: NON | AJ22: NON | AK22: NON | AL22: NON | AM22: NON | AN22: NON | AO22: NON | AP22: NON | AQ22: NON | AR22: NON | AS22: NON | AT22: NON | AU22: NON | AV22: NON | AW22: NON | AX22: NON | AY22: NON | AZ22: NON | BA22: NON | BB22: NON | BC22: NON | BD22: NON | BE22: NON | BF22: NON | BG22: NON | BH22: NON | BI22: NON | BJ22: NON | BK22: NON | BL22: NON | BM22: NON | BN22: NON | BO22: NON | BP22: NON | BQ22: NON | BR22: NON | BS22: NON | BT22: NON | BU22: NON | BV22: NON | BW22: NON | BX22: NON | BY22: NON | BZ22: NON | CA22: NON | CB22: NON | CC22: NON | CD22: NON | CE22: NON | CF22: NON | CG22: NON | CH22: NON | CI22: NON | CJ22: NON | CK22: NON | CL22: NON | CM22: NON | CN22: OUI | CO22: OUI | CP22: NON | CQ22: OUI | CR22: OUI | CS22: NON | CT22: OUI | CU22: OUI | CV22: OUI | CW22: OUI | CX22: OUI | CY22: OUI | CZ22: OUI | DA22: OUI | DB22: OUI | DC22: OUI | DD22: OUI | DE22: OUI | DF22: OUI | DG22: OUI | DH22: NON | DI22: OUI | DJ22: OUI | DK22: NON | DL22: OUI | DM22: OUI | DN22: OUI | DO22: OUI | DP22: OUI | DQ22: OUI | DR22: OUI | DS22: OUI | DT22: OUI | DU22: OUI | DV22: OUI | DW22: OUI
A23: 20 | B23: LYCEE DE GARI-GOMBO | C23: 651942556 | D23: Littoral | G23: 4 | H23: 30 sacs de 100 kg | I23: OUI | J23: 1500000 | K23: Manioc et autres tubercules | L23: Manioc | M23: 7 | N23: OUI | O23: NON | P23: NON | Q23: NON | R23: NON | S23: NON | T23: NON | U23: NON | V23: NON | W23: NON | X23: NON | Y23: NON | Z23: NON | AA23: NON | AB23: NON | AC23: NON | AD23: NON | AE23: NON | AF23: NON | AG23: NON | AH23: NON | AI23: NON | AJ23: NON | AK23: NON | AL23: NON | AM23: NON | AN23: NON | AO23: NON | AP23: NON | AQ23: NON | AR23: NON | AS23: NON | AT23: NON | AU23: NON | AV23: NON | AW23: NON | AX23: NON | AY23: NON | AZ23: NON | BA23: NON | BB23: NON | BC23: NON | BD23: NON | BE23: NON | BF23: NON | BG23: NON | BH23: NON | BI23: NON | BJ23: NON | BK23: NON | BL23: NON | BM23: NON | BN23: NON | BO23: NON | BP23: NON | BQ23: NON | BR23: NON | BS23: NON | BT23: NON | BU23: NON | BV23: NON | BW23: NON | BX23: NON | BY23: NON | BZ23: NON | CA23: NON | CB23: NON | CC23: NON | CD23: NON | CE23: NON | CF23: NON | CG23: NON | CH23: NON | CI23: NON | CJ23: NON | CK23: NON | CL23: NON | CM23: NON | CN23: OUI | CO23: OUI | CP23: OUI | CQ23: OUI | CR23: OUI | CS23: OUI | CT23: OUI | CU23: OUI | CV23: OUI | CW23: OUI | CX23: OUI | CY23: OUI | CZ23: OUI | DA23: OUI | DB23: OUI | DC23: OUI | DD23: OUI | DE23: OUI | DF23: NON | DG23: NON | DH23: NON | DI23: NON | DJ23: NON | DK23: NON | DL23: NON | DM23: NON | DN23: NON | DO23: NON | DP23: NON | DQ23: NON | DR23: NON | DS23: NON | DT23: NON | DU23: NON | DV23: NON | DW23: NON
A24: 21 | B24: SOCIETE COOPERATIVE AVEC CONSEIL D'ADMINISTRATION AGROPASTORALE DES ACTEURS DU DEVELOPPEMENT DE NITOUKOU | C24: 677750389 | D24: Tshukou, | G24: 6 | H24: 1200 tonne par an | I24: NON | J24: 6000000 | K24: Manioc et autres tubercules | L24: Manioc | M24: 2 | N24: OUI | O24: NON | P24: NON | Q24: NON | R24: NON | S24: NON | T24: NON | U24: NON | V24: NON | W24: NON | X24: NON | Y24: NON | Z24: NON | AA24: NON | AB24: NON | AC24: NON | AD24: NON | AE24: NON | AF24: NON | AG24: NON | AH24: NON | AI24: NON | AJ24: NON | AK24: NON | AL24: NON | AM24: NON | AN24: NON | AO24: NON | AP24: NON | AQ24: NON | AR24: NON | AS24: NON | AT24: NON | AU24: NON | AV24: NON | AW24: NON | AX24: NON | AY24: NON | AZ24: NON | BA24: NON | BB24: NON | BC24: NON | BD24: NON | BE24: NON | BF24: NON | BG24: NON | BH24: NON | BI24: NON | BJ24: NON | BK24: NON | BL24: NON | BM24: NON | BN24: NON | BO24: NON | BP24: NON | BQ24: NON | BR24: NON | BS24: NON | BT24: NON | BU24: NON | BV24: NON | BW24: NON | BX24: NON | BY24: NON | BZ24: NON | CA24: NON | CB24: NON | CC24: NON | CD24: NON | CE24: NON | CF24: NON | CG24: NON | CH24: NON | CI24: NON | CJ24: NON | CK24: NON | CL24: NON | CM24: NON | CN24: OUI | CO24: OUI | CP24: OUI | CQ24: OUI | CR24: OUI | CS24: OUI | CT24: OUI | CU24: OUI | CV24: OUI | CW24: OUI | CX24: OUI | CY24: OUI | CZ24: OUI | DA24: OUI | DB24: OUI | DC24: OUI | DD24: OUI | DE24: OUI | DF24: OUI | DG24: OUI | DH24: OUI | DI24: OUI | DJ24: OUI | DK24: OUI | DL24: OUI | DM24: OUI | DN24: OUI | DO24: OUI | DP24: OUI | DQ24: OUI | DR24: OUI | DS24: OUI | DT24: OUI | DU24: OUI | DV24: OUI | DW24: OUI
A25: 22 | B25: Groupe Initiatives Communes Agropastoral | C25: 677-76-6234 / 696-60-6480 | D25: FOUMBOT | G25: 15 | H25: 1000 TONNE | I25: NON | J25: 5000000 | K25: Manioc et autres tubercules | L25: manioc | M25: 3 | N25: OUI | O25: NON | P25: NON | Q25: NON | R25: NON | S25: NON | T25: NON | U25: NON | V25: NON | W25: NON | X25: NON | Y25: NON | Z25: NON | AA25: OUI | AB25: OUI | AC25: OUI | AD25: OUI | AE25: OUI | AF25: OUI | AG25: OUI | AH25: OUI | AI25: OUI | AJ25: OUI | AK25: OUI | AL25: OUI | AM25: OUI | AN25: OUI | AO25: NON | AP25: NON | AQ25: OUI | AR25: OUI | AS25: NON | AT25: NON | AU25: NON | AV25: NON | AW25: OUI | AX25: OUI | AY25: OUI | AZ25: OUI | BA25: OUI | BB25: OUI | BC25: OUI | BD25: OUI | BE25: OUI | BF25: OUI | BG25: OUI | BH25: OUI | BI25: NON | BJ25: NON | BK25: NON | BL25: NON | BM25: NON | BN25: OUI | BO25: OUI | BP25: OUI | BQ25: NON | BR25: NON | BS25: OUI | BT25: OUI | BU25: OUI | BV25: OUI | BW25: NON | BX25: OUI | BY25: NON | BZ25: OUI | CA25: OUI | CB25: OUI | CC25: OUI | CD25: NON | CE25: NON | CF25: OUI | CG25: OUI | CH25: OUI | CI25: NON | CJ25: NON | CK25: OUI | CL25: OUI | CM25: OUI | CN25: OUI | CO25: OUI | CP25: OUI | CQ25: NON | CR25: OUI | CS25: OUI | CT25: OUI | CU25: OUI | CV25: NON | CW25: NON | CX25: OUI | CY25: OUI | CZ25: OUI | DA25: NON | DB25: NON | DC25: OUI | DD25: OUI | DE25: OUI | DF25: OUI | DG25: OUI | DH25: OUI | DI25: NON | DJ25: OUI | DK25: OUI | DL25: OUI | DM25: OUI | DN25: NON | DO25: NON | DP25: OUI | DQ25: OUI | DR25: OUI | DS25: NON | DT25: NON | DU25: OUI | DV25: OUI | DW25: OUI | DX25: n
A26: 23 | B26: SOCIETE COOPERATIVE SIMPLIFIEE RECOLTE 237 FERME NKOUE | C26: 690767345 | D26: Yaoundé | G26: 3 | H26: 2600 alevin par an | I26: NON | J26: 700000 | K26: Poisson | L26: cilliure | M26: 1 | N26: OUI | O26: OUI | P26: NON | Q26: NON | R26: NON | S26: NON | T26: NON | U26: NON | V26: NON | W26: NON | X26: NON | Y26: NON | Z26: NON | AA26: NON | AB26: NON | AC26: NON | AD26: NON | AE26: NON | AF26: NON | AG26: NON | AH26: NON | AI26: NON | AJ26: NON | AK26: NON | AL26: NON | AM26: NON | AN26: NON | AO26: NON | AP26: NON | AQ26: NON | AR26: NON | AS26: NON | AT26: NON | AU26: NON | AV26: NON | AW26: NON | AX26: NON | AY26: NON | AZ26: NON | BA26: NON | BB26: NON | BC26: NON | BD26: OUI | BE26: OUI | BF26: NON | BG26: NON | BH26: NON | BI26: OUI | BJ26: OUI | BK26: OUI | BL26: OUI | BM26: OUI | BN26: OUI | BO26: OUI | BP26: OUI | BQ26: OUI | BR26: OUI | BS26: OUI | BT26: OUI | BU26: OUI | BV26: NON | BW26: NON | BX26: NON | BY26: NON | BZ26: NON | CA26: NON | CB26: NON | CC26: NON | CD26: NON | CE26: NON | CF26: NON | CG26: NON | CH26: NON | CI26: NON | CJ26: NON | CK26: NON | CL26: NON | CM26: NON | CN26: NON | CO26: NON | CP26: NON | CQ26: NON | CR26: NON | CS26: NON | CT26: NON | CU26: NON | CV26: NON | CW26: NON | CX26: NON | CY26: NON | CZ26: NON | DA26: NON | DB26: NON | DC26: NON | DD26: NON | DE26: NON | DF26: NON | DG26: NON | DH26: NON | DI26: NON | DJ26: NON | DK26: NON | DL26: NON | DM26: NON | DN26: NON | DO26: NON | DP26: NON | DQ26: NON | DR26: NON | DS26: NON | DT26: NON | DU26: NON | DV26: NON | DW26: NON
A27: 24 | B27: SOCIÉTÉ COOPERATIVE SIMPLIFIEE DES PRODUCTEURS DE PATATE DE BONJONG | C27: 697324852 | D27: Adamaoua | G27: 14 | H27: 50 tonnes par mois | I27: NON | J27: 500000 | K27: Manioc et autres tubercules | L27: Patates douces | M27: 5 | N27: OUI | O27: NON | P27: NON | Q27: NON | R27: NON | S27: NON | T27: NON | U27: NON | V27: NON | W27: NON | X27: NON | Y27: NON | Z27: NON | AA27: NON | AB27: NON | AC27: NON | AD27: NON | AE27: NON | AF27: NON | AG27: NON | AH27: NON | AI27: NON | AJ27: NON | AK27: NON | AL27: OUI | AM27: OUI | AN27: OUI | AO27: OUI | AP27: OUI | AQ27: OUI | AR27: NON | AS27: NON | AT27: NON | AU27: NON | AV27: NON | AW27: NON | AX27: NON | AY27: OUI | AZ27: NON | BA27: NON | BB27: OUI | BC27: OUI | BD27: NON | BE27: NON | BF27: NON | BG27: NON | BH27: NON | BI27: NON | BJ27: NON | BK27: NON | BL27: NON | BM27: NON | BN27: NON | BO27: NON | BP27: NON | BQ27: NON | BR27: NON | BS27: NON | BT27: NON | BU27: NON | BV27: NON | BW27: NON | BX27: NON | BY27: NON | BZ27: NON | CA27: NON | CB27: NON | CC27: NON | CD27: NON | CE27: NON | CF27: NON | CG27: NON | CH27: NON | CI27: NON | CJ27: NON | CK27: NON | CL27: NON | CM27: NON | CN27: OUI | CO27: OUI | CP27: OUI | CQ27: OUI | CR27: OUI | CS27: OUI | CT27: OUI | CU27: OUI | CV27: OUI | CW27: OUI | CX27: OUI | CY27: OUI | CZ27: OUI | DA27: OUI | DB27: OUI | DC27: OUI | DD27: OUI | DE27: OUI | DF27: OUI | DG27: OUI | DH27: OUI | DI27: OUI | DJ27: OUI | DK27: OUI | DL27: OUI | DM27: OUI | DN27: OUI | DO27: OUI | DP27: OUI | DQ27: OUI | DR27: OUI | DS27: OUI | DT27: OUI | DU27: OUI | DV27: OUI | DW27: OUI
A28: 25 | B28: SCOOPS PTASPL | C28: 656102611 | D28: yaoundé | G28: 8 | H28: 1500 kili le mois | I28: NON | J28: 1500000 | K28: Manioc et autres tubercules | L28: Tapioca | M28: 1 | N28: OUI | O28: OUI | P28: NON | Q28: NON | R28: NON | S28: NON | T28: NON | U28: NON | V28: NON | W28: NON | X28: NON | Y28: NON | Z28: NON | AA28: NON | AB28: NON | AC28: NON | AD28: NON | AE28: NON | AF28: NON | AG28: NON | AH28: NON | AI28: NON | AJ28: NON | AK28: NON | AL28: OUI | AM28: NON | AN28: OUI | AO28: OUI | AP28: OUI | AQ28: OUI | AR28: OUI | AS28: NON | AT28: NON | AU28: NON | AV28: NON | AW28: NON | AX28: OUI | AY28: OUI | AZ28: OUI | BA28: OUI | BB28: OUI | BC28: OUI | BD28: NON | BE28: NON | BF28: NON | BG28: NON | BH28: NON | BI28: NON | BJ28: NON | BK28: NON | BL28: NON | BM28: NON | BN28: NON | BO28: NON | BP28: NON | BQ28: NON | BR28: NON | BS28: NON | BT28: NON | BU28: NON | BV28: NON | BW28: NON | BX28: NON | BY28: NON | BZ28: NON | CA28: NON | CB28: NON | CC28: NON | CD28: NON | CE28: NON | CF28: NON | CG28: NON | CH28: NON | CI28: NON | CJ28: NON | CK28: NON | CL28: NON | CM28: NON | CN28: NON | CO28: NON | CP28: NON | CQ28: NON | CR28: NON | CS28: NON | CT28: NON | CU28: NON | CV28: NON | CW28: NON | CX28: NON | CY28: NON | CZ28: NON | DA28: NON | DB28: NON | DC28: NON | DD28: NON | DE28: NON | DF28: NON | DG28: NON | DH28: NON | DI28: NON | DJ28: NON | DK28: NON | DL28: NON | DM28: NON | DN28: NON | DO28: NON | DP28: NON | DQ28: NON | DR28: NON | DS28: NON | DT28: NON | DU28: NON | DV28: NON | DW28: NON
A29: 26 | B29: SOCIETE COOPERATIVE AVEC CONSEIL D'ADMINISTRATION DES PRODUCTEURS DE MANIOC WARACK MADIKOUM | C29: 696492700 | D29: Adamaoua | G29: 10 | H29: 80 SACS PAR MOIS | I29: NON | J29: 10500000 | K29: Manioc et autres tubercules | L29: Manioc | M29: 8 | N29: OUI | O29: NON | P29: NON | Q29: NON | R29: NON | S29: NON | T29: NON | U29: NON | V29: NON | W29: NON | X29: NON | Y29: NON | Z29: NON | AA29: NON | AB29: NON | AC29: NON | AD29: NON | AE29: NON | AF29: NON | AG29: NON | AH29: NON | AI29: NON | AJ29: NON | AK29: NON | AL29: NON | AM29: NON | AN29: NON | AO29: NON | AP29: NON | AQ29: NON | AR29: NON | AS29: NON | AT29: NON | AU29: NON | AV29: NON | AW29: NON | AX29: NON | AY29: NON | AZ29: NON | BA29: NON | BB29: NON | BC29: NON | BD29: OUI | BE29: OUI | BF29: OUI | BG29: OUI | BH29: OUI | BI29: OUI | BJ29: OUI | BK29: OUI | BL29: OUI | BM29: OUI | BN29: OUI | BO29: OUI | BP29: OUI | BQ29: OUI | BR29: OUI | BS29: OUI | BT29: OUI | BU29: OUI | BV29: NON | BW29: NON | BX29: NON | BY29: NON | BZ29: NON | CA29: NON | CB29: NON | CC29: NON | CD29: NON | CE29: NON | CF29: NON | CG29: NON | CH29: NON | CI29: NON | CJ29: NON | CK29: NON | CL29: NON | CM29: NON | CN29: NON | CO29: NON | CP29: NON | CQ29: NON | CR29: NON | CS29: NON | CT29: NON | CU29: NON | CV29: NON | CW29: NON | CX29: NON | CY29: NON | CZ29: NON | DA29: NON | DB29: NON | DC29: NON | DD29: NON | DE29: NON | DF29: NON | DG29: NON | DH29: NON | DI29: NON | DJ29: NON | DK29: NON | DL29: NON | DM29: NON | DN29: NON | DO29: NON | DP29: NON | DQ29: NON | DR29: NON | DS29: NON | DT29: NON | DU29: NON | DV29: NON | DW29: NON
A30: 27 | B30: Leprince | C30: 698843700 | G30: 25 | H30: 400 litre par semaines | I30: NON | J30: 4800000 | K30: Huile de palme | L30: Huile de palme | M30: 16 | N30: NON | O30: OUI | P30: NON | Q30: NON | R30: NON | S30: NON | T30: NON | U30: NON | V30: NON | W30: NON | X30: NON | Y30: NON | Z30: NON | AA30: NON | AB30: NON | AC30: NON | AD30: NON | AE30: NON | AF30: NON | AG30: NON | AH30: NON | AI30: NON | AJ30: NON | AK30: NON | AL30: NON | AM30: NON | AN30: NON | AO30: NON | AP30: NON | AQ30: NON | AR30: NON | AS30: NON | AT30: NON | AU30: NON | AV30: NON | AW30: NON | AX30: NON | AY30: NON | AZ30: NON | BA30: NON | BB30: NON | BC30: NON | BD30: NON | BE30: NON | BF30: NON | BG30: NON | BH30: NON | BI30: NON | BJ30: NON | BK30: NON | BL30: NON | BM30: NON | BN30: NON | BO30: NON | BP30: NON | BQ30: NON | BR30: NON | BS30: NON | BT30: NON | BU30: NON | BV30: NON | BW30: NON | BX30: NON | BY30: NON | BZ30: NON | CA30: NON | CB30: NON | CC30: NON | CD30: NON | CE30: NON | CF30: NON | CG30: NON | CH30: NON | CI30: NON | CJ30: NON | CK30: NON | CL30: NON | CM30: NON | CN30: OUI | CO30: OUI | CP30: OUI | CQ30: OUI | CR30: OUI | CS30: OUI | CT30: OUI | CU30: OUI | CV30: OUI | CW30: OUI | CX30: OUI | CY30: OUI | CZ30: OUI | DA30: OUI | DB30: OUI | DC30: OUI | DD30: OUI | DE30: OUI | DF30: NON | DG30: NON | DH30: NON | DI30: NON | DJ30: NON | DK30: NON | DL30: NON | DM30: NON | DN30: NON | DO30: NON | DP30: NON | DQ30: NON | DR30: NON | DS30: NON | DT30: NON | DU30: NON | DV30: NON | DW30: NON
A31: 28 | B31: STE COOP-CA DE PRODUCTION ET TRANSFORMATION DE MANIOC ET ACTIVITÉS CONNEXES DE MBANGASSINA | C31: 675493737 | G31: 10 | H31: 30 tonnes par an | I31: NON | J31: 10000000 | K31: Manioc et autres tubercules | L31: tapioca, l'amidon et les farines | M31: 3 | N31: OUI | O31: NON | P31: NON | Q31: NON | R31: OUI | S31: OUI | T31: NON | U31: NON | V31: NON | W31: NON | X31: NON | Y31: NON | Z31: NON | AA31: NON | AB31: NON | AC31: NON | AD31: NON | AE31: NON | AF31: NON | AG31: NON | AH31: NON | AI31: NON | AJ31: NON | AK31: NON | AL31: NON | AM31: NON | AN31: NON | AO31: NON | AP31: NON | AQ31: NON | AR31: NON | AS31: NON | AT31: NON | AU31: NON | AV31: NON | AW31: NON | AX31: NON | AY31: NON | AZ31: NON | BA31: NON | BB31: NON | BC31: NON | BD31: NON | BE31: NON | BF31: NON | BG31: NON | BH31: NON | BI31: NON | BJ31: NON | BK31: NON | BL31: NON | BM31: NON | BN31: NON | BO31: NON | BP31: NON | BQ31: NON | BR31: NON | BS31: NON | BT31: NON | BU31: NON | BV31: NON | BW31: NON | BX31: NON | BY31: NON | BZ31: NON | CA31: NON | CB31: NON | CC31: NON | CD31: NON | CE31: NON | CF31: NON | CG31: NON | CH31: NON | CI31: NON | CJ31: NON | CK31: NON | CL31: NON | CM31: NON | CN31: OUI | CO31: OUI | CP31: OUI | CQ31: NON | CR31: OUI | CS31: OUI | CT31: OUI | CU31: OUI | CV31: OUI | CW31: OUI | CX31: OUI | CY31: OUI | CZ31: OUI | DA31: OUI | DB31: OUI | DC31: OUI | DD31: OUI | DE31: OUI | DF31: OUI | DG31: OUI | DH31: OUI | DI31: OUI | DJ31: OUI | DK31: OUI | DL31: OUI | DM31: OUI | DN31: OUI | DO31: OUI | DP31: OUI | DQ31: OUI | DR31: OUI | DS31: OUI | DT31: OUI | DU31: OUI | DV31: OUI | DW31: OUI
A32: 29 | B32: SOCIETE COOPÉRATIVE AVEC CONSEIL D'ADMINISTRATION DES PRODUCTEURS DE MANIOC SAPE DE BERTOUA | C32: 691977154 | D32: Bertoua | G32: 20 | H32: 60 tonnes par an | I32: NON | J32: 3000000 | K32: Manioc et autres tubercules | L32: Manioc | M32: 4 | N32: OUI | O32: NON | P32: NON | Q32: NON | R32: NON | S32: NON | T32: NON | U32: NON | V32: NON | W32: NON | X32: NON | Y32: NON | Z32: NON | AA32: NON | AB32: NON | AC32: NON | AD32: NON | AE32: NON | AF32: NON | AG32: NON | AH32: NON | AI32: NON | AJ32: NON | AK32: NON | AL32: OUI | AM32: OUI | AN32: OUI | AO32: OUI | AP32: OUI | AQ32: OUI | AR32: OUI | AS32: OUI | AT32: OUI | AU32: OUI | AV32: OUI | AW32: OUI | AX32: OUI | AY32: OUI | AZ32: OUI | BA32: OUI | BB32: OUI | BC32: OUI | BD32: NON | BE32: NON | BF32: NON | BG32: NON | BH32: NON | BI32: NON | BJ32: NON | BK32: NON | BL32: NON | BM32: NON | BN32: NON | BO32: NON | BP32: NON | BQ32: NON | BR32: NON | BS32: NON | BT32: NON | BU32: NON | BV32: NON | BW32: NON | BX32: NON | BY32: NON | BZ32: NON | CA32: NON | CB32: NON | CC32: NON | CD32: NON | CE32: NON | CF32: NON | CG32: NON | CH32: NON | CI32: NON | CJ32: NON | CK32: NON | CL32: NON | CM32: NON | CN32: NON | CO32: NON | CP32: NON | CQ32: NON | CR32: NON | CS32: NON | CT32: NON | CU32: NON | CV32: NON | CW32: NON | CX32: NON | CY32: NON | CZ32: NON | DA32: NON | DB32: NON | DC32: NON | DD32: NON | DE32: NON | DF32: OUI | DG32: OUI | DH32: OUI | DI32: OUI | DJ32: OUI | DK32: OUI | DL32: OUI | DM32: OUI | DN32: OUI | DO32: OUI | DP32: OUI | DQ32: OUI | DR32: OUI | DS32: OUI | DT32: OUI | DU32: OUI | DV32: OUI | DW32: OUI
A33: 30 | B33: coopacam - | C33: 699814462 | D33: MFOU | G33: 10 | H33: 500L par semaine | I33: NON | J33: 25000000 | K33: Huile de palme | L33: l'huile de palme brut | M33: 17 | N33: OUI | O33: OUI | P33: NON | Q33: NON | R33: NON | S33: NON | T33: NON | U33: NON | V33: NON | W33: NON | X33: NON | Y33: NON | Z33: NON | AA33: NON | AB33: NON | AC33: NON | AD33: NON | AE33: NON | AF33: NON | AG33: NON | AH33: NON | AI33: NON | AJ33: NON | AK33: NON | AL33: NON | AM33: NON | AN33: NON | AO33: NON | AP33: NON | AQ33: NON | AR33: NON | AS33: NON | AT33: NON | AU33: NON | AV33: NON | AW33: NON | AX33: NON | AY33: NON | AZ33: NON | BA33: NON | BB33: NON | BC33: NON | BD33: NON | BE33: NON | BF33: NON | BG33: NON | BH33: NON | BI33: NON | BJ33: NON | BK33: NON | BL33: NON | BM33: NON | BN33: NON | BO33: NON | BP33: NON | BQ33: NON | BR33: NON | BS33: NON | BT33: NON | BU33: NON | BV33: NON | BW33: NON | BX33: NON | BY33: NON | BZ33: NON | CA33: NON | CB33: NON | CC33: NON | CD33: NON | CE33: NON | CF33: NON | CG33: NON | CH33: NON | CI33: NON | CJ33: NON | CK33: NON | CL33: NON | CM33: NON | CN33: OUI | CO33: OUI | CP33: OUI | CQ33: OUI | CR33: OUI | CS33: OUI | CT33: OUI | CU33: OUI | CV33: OUI | CW33: OUI | CX33: OUI | CY33: OUI | CZ33: OUI | DA33: OUI | DB33: OUI | DC33: OUI | DD33: OUI | DE33: OUI | DF33: NON | DG33: NON | DH33: NON | DI33: NON | DJ33: NON | DK33: NON | DL33: NON | DM33: NON | DN33: NON | DO33: NON | DP33: NON | DQ33: NON | DR33: NON | DS33: NON | DT33: NON | DU33: NON | DV33: NON | DW33: NON
A34: 31 | B34: SCOOP MAN DE MBALMAYO | C34: 696819231 | D34: Mbalmayo | G34: 25 | H34: 875 tonne par Saison | I34: NON | J34: 3600000 | K34: Manioc et autres tubercules | L34: manioc et dans la transformation du manioc en amidon | M34: 20 | N34: OUI | O34: NON | P34: NON | Q34: NON | R34: NON | S34: NON | T34: NON | U34: NON | V34: NON | W34: NON | X34: NON | Y34: NON | Z34: NON | AA34: NON | AB34: NON | AC34: NON | AD34: NON | AE34: NON | AF34: NON | AG34: NON | AH34: NON | AI34: NON | AJ34: NON | AK34: NON | AL34: OUI | AM34: OUI | AN34: OUI | AO34: OUI | AP34: OUI | AQ34: OUI | AR34: OUI | AS34: OUI | AT34: OUI | AU34: OUI | AV34: OUI | AW34: OUI | AX34: OUI | AY34: OUI | AZ34: OUI | BA34: OUI | BB34: OUI | BC34: OUI | BD34: OUI | BE34: OUI | BF34: OUI | BG34: OUI | BH34: OUI | BI34: OUI | BJ34: OUI | BK34: OUI | BL34: OUI | BM34: OUI | BN34: OUI | BO34: OUI | BP34: OUI | BQ34: OUI | BR34: OUI | BS34: OUI | BT34: OUI | BU34: OUI | BV34: OUI | BW34: OUI | BX34: OUI | BY34: OUI | BZ34: OUI | CA34: OUI | CB34: OUI | CC34: OUI | CD34: OUI | CE34: OUI | CF34: OUI | CG34: OUI | CH34: OUI | CI34: OUI | CJ34: OUI | CK34: OUI | CL34: OUI | CM34: OUI | CN34: OUI | CO34: OUI | CP34: OUI | CQ34: OUI | CR34: OUI | CS34: OUI | CT34: OUI | CU34: OUI | CV34: OUI | CW34: OUI | CX34: OUI | CY34: OUI | CZ34: OUI | DA34: OUI | DB34: OUI | DC34: OUI | DD34: OUI | DE34: OUI | DF34: OUI | DG34: OUI | DH34: OUI | DI34: OUI | DJ34: OUI | DK34: OUI | DL34: OUI | DM34: OUI | DN34: OUI | DO34: OUI | DP34: OUI | DQ34: OUI | DR34: OUI | DS34: OUI | DT34: OUI | DU34: OUI | DV34: OUI | DW34: OUI
A35: 32 | B35: Maraiamou | C35: 696255220 | D35: Maroua | G35: 3 | H35: 630 l par mois | I35: NON | J35: 2000000 | K35: Lait | L35: Lait de vache | M35: 20 | N35: OUI | O35: NON | P35: NON | Q35: NON | R35: NON | S35: NON | T35: NON | U35: NON | V35: NON | W35: NON | X35: NON | Y35: NON | Z35: NON | AA35: NON | AB35: NON | AC35: NON | AD35: NON | AE35: NON | AF35: NON | AG35: NON | AH35: NON | AI35: NON | AJ35: NON | AK35: NON | AL35: OUI | AM35: OUI | AN35: OUI | AO35: OUI | AP35: OUI | AQ35: OUI | AR35: OUI | AS35: OUI | AT35: OUI | AU35: OUI | AV35: OUI | AW35: OUI | AX35: OUI | AY35: OUI | AZ35: OUI | BA35: OUI | BB35: OUI | BC35: OUI | BD35: OUI | BE35: OUI | BF35: OUI | BG35: OUI | BH35: OUI | BI35: OUI | BJ35: OUI | BK35: OUI | BL35: OUI | BM35: OUI | BN35: OUI | BO35: OUI | BP35: OUI | BQ35: OUI | BR35: OUI | BS35: OUI | BT35: OUI | BU35: OUI | BV35: OUI | BW35: OUI | BX35: OUI | BY35: OUI | BZ35: OUI | CA35: OUI | CB35: OUI | CC35: OUI | CD35: OUI | CE35: OUI | CF35: OUI | CG35: OUI | CH35: OUI | CI35: OUI | CJ35: OUI | CK35: OUI | CL35: OUI | CM35: OUI | CN35: OUI | CO35: OUI | CP35: OUI | CQ35: OUI | CR35: OUI | CS35: OUI | CT35: OUI | CU35: OUI | CV35: OUI | CW35: OUI | CX35: OUI | CY35: OUI | CZ35: OUI | DA35: OUI | DB35: OUI | DC35: OUI | DD35: OUI | DE35: OUI | DF35: OUI | DG35: OUI | DH35: OUI | DI35: OUI | DJ35: OUI | DK35: OUI | DL35: OUI | DM35: OUI | DN35: OUI | DO35: OUI | DP35: OUI | DQ35: OUI | DR35: OUI | DS35: OUI | DT35: OUI | DU35: OUI | DV35: OUI | DW35: OUI
A36: 33 | B36: Groupe produccteur de poisson | C36: 682247271 | D36: Bendite à sangmelina | G36: 1 | H36: 150 kg par mois | I36: NON | J36: 200000 | K36: Poisson | L36: Poisson frais | M36: 5 | N36: OUI | O36: NON | P36: NON | Q36: NON | R36: NON | S36: NON | T36: NON | U36: NON | V36: NON | W36: NON | X36: NON | Y36: NON | Z36: NON | AA36: NON | AB36: NON | AC36: NON | AD36: NON | AE36: NON | AF36: NON | AG36: NON | AH36: NON | AI36: NON | AJ36: NON | AK36: NON | AL36: NON | AM36: NON | AN36: NON | AO36: NON | AP36: NON | AQ36: NON | AR36: NON | AS36: NON | AT36: NON | AU36: NON | AV36: NON | AW36: NON | AX36: NON | AY36: NON | AZ36: NON | BA36: NON | BB36: NON | BC36: NON | BD36: NON | BE36: NON | BF36: NON | BG36: NON | BH36: NON | BI36: NON | BJ36: NON | BK36: NON | BL36: NON | BM36: NON | BN36: NON | BO36: NON | BP36: NON | BQ36: NON | BR36: NON | BS36: NON | BT36: NON | BU36: NON | BV36: OUI | BW36: OUI | BX36: OUI | BY36: OUI | BZ36: OUI | CA36: OUI | CB36: OUI | CC36: OUI | CD36: OUI | CE36: OUI | CF36: OUI | CG36: OUI | CH36: OUI | CI36: OUI | CJ36: OUI | CK36: OUI | CL36: OUI | CM36: OUI | CN36: NON | CO36: NON | CP36: NON | CQ36: NON | CR36: NON | CS36: NON | CT36: NON | CU36: NON | CV36: NON | CW36: NON | CX36: NON | CY36: NON | CZ36: NON | DA36: NON | DB36: NON | DC36: NON | DD36: NON | DE36: NON | DF36: NON | DG36: NON | DH36: NON | DI36: NON | DJ36: NON | DK36: NON | DL36: NON | DM36: NON | DN36: NON | DO36: NON | DP36: NON | DQ36: NON | DR36: NON | DS36: NON | DT36: NON | DU36: NON | DV36: NON | DW36: NON
A37: 34 | B37: Vente poisson fumé | C37: 695752643 | D37: Bertoua | G37: 1 | H37: 100 kg par mois | I37: NON | J37: 100000 | K37: Poisson | L37: Poisson fumés | M37: 2 | N37: NON | O37: NON | P37: NON | Q37: OUI | R37: NON | S37: NON | T37: OUI | U37: OUI | V37: OUI | W37: OUI | X37: OUI | Y37: OUI | Z37: OUI | AA37: OUI | AB37: OUI | AC37: OUI | AD37: OUI | AE37: OUI | AF37: OUI | AG37: OUI | AH37: OUI | AI37: OUI | AJ37: OUI | AK37: OUI | AL37: OUI | AM37: OUI | AN37: OUI | AO37: OUI | AP37: OUI | AQ37: OUI | AR37: OUI | AS37: OUI | AT37: OUI | AU37: OUI | AV37: OUI | AW37: OUI | AX37: OUI | AY37: OUI | AZ37: OUI | BA37: OUI | BB37: OUI | BC37: OUI | BD37: NON | BE37: NON | BF37: NON | BG37: NON | BH37: NON | BI37: NON | BJ37: NON | BK37: NON | BL37: NON | BM37: NON | BN37: NON | BO37: NON | BP37: NON | BQ37: NON | BR37: NON | BS37: NON | BT37: NON | BU37: NON | BV37: NON | BW37: NON | BX37: NON | BY37: NON | BZ37: NON | CA37: NON | CB37: NON | CC37: NON | CD37: NON | CE37: NON | CF37: NON | CG37: NON | CH37: NON | CI37: NON | CJ37: NON | CK37: NON | CL37: NON | CM37: NON | CN37: NON | CO37: NON | CP37: NON | CQ37: NON | CR37: NON | CS37: NON | CT37: NON | CU37: NON | CV37: NON | CW37: NON | CX37: NON | CY37: NON | CZ37: NON | DA37: NON | DB37: NON | DC37: NON | DD37: NON | DE37: NON | DF37: NON | DG37: NON | DH37: NON | DI37: NON | DJ37: NON | DK37: NON | DL37: NON | DM37: NON | DN37: NON | DO37: NON | DP37: NON | DQ37: NON | DR37: NON | DS37: NON | DT37: NON | DU37: NON | DV37: NON | DW37: NON
A38: 35 | B38: Vente poulet fumé | C38: 695752643 | D38: Bertoua | G38: 1 | H38: 100 kg par mois | I38: NON | J38: 100000 | K38: Volaile de chair | L38: vente de poulet fumé | M38: 2 | N38: NON | O38: NON | P38: NON | Q38: OUI | R38: NON | S38: NON | T38: OUI | U38: OUI | V38: OUI | W38: OUI | X38: OUI | Y38: OUI | Z38: OUI | AA38: OUI | AB38: OUI | AC38: OUI | AD38: OUI | AE38: OUI | AF38: OUI | AG38: OUI | AH38: OUI | AI38: OUI | AJ38: OUI | AK38: OUI | AL38: OUI | AM38: OUI | AN38: OUI | AO38: OUI | AP38: OUI | AQ38: OUI | AR38: OUI | AS38: OUI | AT38: OUI | AU38: OUI | AV38: OUI | AW38: OUI | AX38: OUI | AY38: OUI | AZ38: OUI | BA38: OUI | BB38: OUI | BC38: OUI | BD38: NON | BE38: NON | BF38: NON | BG38: NON | BH38: NON | BI38: NON | BJ38: NON | BK38: NON | BL38: NON | BM38: NON | BN38: NON | BO38: NON | BP38: NON | BQ38: NON | BR38: NON | BS38: NON | BT38: NON | BU38: NON | BV38: NON | BW38: NON | BX38: NON | BY38: NON | BZ38: NON | CA38: NON | CB38: NON | CC38: NON | CD38: NON | CE38: NON | CF38: NON | CG38: NON | CH38: NON | CI38: NON | CJ38: NON | CK38: NON | CL38: NON | CM38: NON | CN38: NON | CO38: NON | CP38: NON | CQ38: NON | CR38: NON | CS38: NON | CT38: NON | CU38: NON | CV38: NON | CW38: NON | CX38: NON | CY38: NON | CZ38: NON | DA38: NON | DB38: NON | DC38: NON | DD38: NON | DE38: NON | DF38: NON | DG38: NON | DH38: NON | DI38: NON | DJ38: NON | DK38: NON | DL38: NON | DM38: NON | DN38: NON | DO38: NON | DP38: NON | DQ38: NON | DR38: NON | DS38: NON | DT38: NON | DU38: NON | DV38: NON | DW38: NON
A39: 36 | B39: Gic producteur de Haricot | C39: 67038821 | D39: Foumbot | G39: 4 | H39: 15 sac par saison | I39: NON | J39: 3000000 | K39: Fruits et légumes | L39: Haricot | M39: 6 | N39: OUI | O39: NON | P39: NON | Q39: NON | R39: NON | S39: NON | T39: NON | U39: NON | V39: NON | W39: NON | X39: NON | Y39: NON | Z39: NON | AA39: NON | AB39: NON | AC39: NON | AD39: NON | AE39: NON | AF39: NON | AG39: NON | AH39: NON | AI39: NON | AJ39: NON | AK39: NON | AL39: NON | AM39: NON | AN39: NON | AO39: NON | AP39: NON | AQ39: NON | AR39: NON | AS39: NON | AT39: NON | AU39: NON | AV39: NON | AW39: NON | AX39: NON | AY39: NON | AZ39: NON | BA39: NON | BB39: NON | BC39: NON | BD39: NON | BE39: NON | BF39: NON | BG39: NON | BH39: NON | BI39: NON | BJ39: NON | BK39: NON | BL39: NON | BM39: NON | BN39: NON | BO39: NON | BP39: NON | BQ39: NON | BR39: NON | BS39: NON | BT39: NON | BU39: NON | BV39: NON | BW39: NON | BX39: NON | BY39: NON | BZ39: NON | CA39: NON | CB39: NON | CC39: NON | CD39: NON | CE39: NON | CF39: NON | CG39: NON | CH39: NON | CI39: NON | CJ39: NON | CK39: NON | CL39: NON | CM39: NON | CN39: NON | CO39: NON | CP39: NON | CQ39: NON | CR39: NON | CS39: NON | CT39: OUI | CU39: OUI | CV39: OUI | CW39: OUI | CX39: OUI | CY39: OUI | CZ39: OUI | DA39: OUI | DB39: OUI | DC39: OUI | DD39: OUI | DE39: OUI | DF39: OUI | DG39: OUI | DH39: OUI | DI39: OUI | DJ39: OUI | DK39: OUI | DL39: OUI | DM39: OUI | DN39: OUI | DO39: OUI | DP39: OUI | DQ39: OUI | DR39: OUI | DS39: OUI | DT39: OUI | DU39: OUI | DV39: OUI | DW39: OUI
A40: 37 | B40: integrity-fruits | D40: Douala | G40: 3 | H40: 50kg par saison | I40: NON | J40: 35000000 | K40: Fruits et légumes | L40: Haricot | M40: 6 | N40: OUI | O40: OUI | P40: NON | Q40: NON | R40: OUI | S40: NON | T40: NON | U40: NON | V40: NON | W40: NON | X40: NON | Y40: NON | Z40: NON | AA40: NON | AB40: NON | AC40: NON | AD40: NON | AE40: NON | AF40: NON | AG40: NON | AH40: NON | AI40: NON | AJ40: NON | AK40: NON | AL40: NON | AM40: NON | AN40: NON | AO40: NON | AP40: NON | AQ40: NON | AR40: NON | AS40: NON | AT40: NON | AU40: NON | AV40: NON | AW40: NON | AX40: NON | AY40: NON | AZ40: NON | BA40: NON | BB40: NON | BC40: NON | BD40: NON | BE40: NON | BF40: NON | BG40: NON | BH40: NON | BI40: NON | BJ40: NON | BK40: NON | BL40: NON | BM40: NON | BN40: NON | BO40: NON | BP40: NON | BQ40: NON | BR40: NON | BS40: NON | BT40: NON | BU40: NON | BV40: OUI | BW40: OUI | BX40: OUI | BY40: OUI | BZ40: OUI | CA40: NON | CB40: NON | CC40: OUI | CD40: OUI | CE40: OUI | CF40: OUI | CG40: OUI | CH40: OUI | CI40: OUI | CJ40: OUI | CK40: OUI | CL40: OUI | CM40: OUI | CN40: OUI | CO40: OUI | CP40: OUI | CQ40: OUI | CR40: NON | CS40: NON | CT40: OUI | CU40: OUI | CV40: OUI | CW40: OUI | CX40: OUI | CY40: OUI | CZ40: OUI | DA40: OUI | DB40: OUI | DC40: OUI | DD40: OUI | DE40: OUI | DF40: OUI | DG40: OUI | DH40: OUI | DI40: OUI | DJ40: OUI | DK40: OUI | DL40: OUI | DM40: OUI | DN40: OUI | DO40: OUI | DP40: OUI | DQ40: OUI | DR40: OUI | DS40: OUI | DT40: OUI | DU40: OUI | DV40: OUI | DW40: OUI
A41: 38 | B41: Gic producteur de poissonHenri Samet au numéro | C41: 699 90 92 98 | D41: Kribi, Centre | G41: 80 | H41: 1000 kg par an | I41: NON | J41: 30000000 | K41: Poisson | L41: CILLIURE | M41: 20 | N41: OUI | O41: OUI | P41: NON | Q41: NON | R41: NON | S41: NON | T41: NON | U41: NON | V41: NON | W41: NON | X41: NON | Y41: NON | Z41: NON | AA41: NON | AB41: NON | AC41: NON | AD41: NON | AE41: NON | AF41: NON | AG41: NON | AH41: NON | AI41: NON | AJ41: NON | AK41: NON | AL41: NON | AM41: NON | AN41: NON | AO41: NON | AP41: NON | AQ41: NON | AR41: NON | AS41: NON | AT41: NON | AU41: NON | AV41: NON | AW41: NON | AX41: NON | AY41: NON | AZ41: NON | BA41: NON | BB41: NON | BC41: NON | BD41: NON | BE41: NON | BF41: NON | BG41: NON | BH41: NON | BI41: NON | BJ41: NON | BK41: NON | BL41: NON | BM41: NON | BN41: NON | BO41: NON | BP41: NON | BQ41: NON | BR41: NON | BS41: NON | BT41: NON | BU41: NON | BV41: NON | BW41: NON | BX41: NON | BY41: NON | BZ41: NON | CA41: NON | CB41: NON | CC41: NON | CD41: NON | CE41: NON | CF41: NON | CG41: NON | CH41: NON | CI41: NON | CJ41: NON | CK41: NON | CL41: NON | CM41: NON | CN41: OUI | CO41: OUI | CP41: NON | CQ41: NON | CR41: NON | CS41: OUI | CT41: OUI | CU41: OUI | CV41: OUI | CW41: OUI | CX41: OUI | CY41: OUI | CZ41: OUI | DA41: OUI | DB41: OUI | DC41: OUI | DD41: OUI | DE41: OUI | DF41: OUI | DG41: OUI | DH41: NON | DI41: NON | DJ41: NON | DK41: OUI | DL41: OUI | DM41: OUI | DN41: OUI | DO41: OUI | DP41: OUI | DQ41: OUI | DR41: OUI | DS41: OUI | DT41: OUI | DU41: OUI | DV41: OUI | DW41: OUI
A42: 39 | B42: makou-epse-fotsing-delphine | D42: Douala | G42: 5 | H42: 1200 KG | I42: OUI | J42: 15000000 | K42: Poisson | L42: Poisson | M42: 3 | N42: OUI | O42: OUI | P42: NON | Q42: OUI | R42: NON | S42: NON | T42: NON | U42: NON | V42: NON | W42: NON | X42: NON | Y42: NON | Z42: NON | AA42: NON | AB42: NON | AC42: NON | AD42: NON | AE42: NON | AF42: NON | AG42: NON | AH42: NON | AI42: NON | AJ42: NON | AK42: NON | AL42: OUI | AM42: OUI | AN42: OUI | AO42: OUI | AP42: OUI | AQ42: OUI | AR42: OUI | AS42: OUI | AT42: OUI | AU42: OUI | AV42: OUI | AW42: OUI | AX42: OUI | AY42: OUI | AZ42: OUI | BA42: OUI | BB42: OUI | BC42: OUI | BD42: NON | BE42: NON | BF42: NON | BG42: NON | BH42: NON | BI42: NON | BJ42: NON | BK42: NON | BL42: NON | BM42: NON | BN42: NON | BO42: NON | BP42: NON | BQ42: NON | BR42: NON | BS42: NON | BT42: NON | BU42: NON | BV42: NON | BW42: NON | BX42: NON | BY42: NON | BZ42: NON | CA42: NON | CB42: NON | CC42: NON | CD42: NON | CE42: NON | CF42: NON | CG42: NON | CH42: NON | CI42: NON | CJ42: NON | CK42: NON | CL42: NON | CM42: NON | CN42: OUI | CO42: OUI | CP42: OUI | CQ42: OUI | CR42: OUI | CS42: OUI | CT42: OUI | CU42: OUI | CV42: OUI | CW42: OUI | CX42: OUI | CY42: OUI | CZ42: OUI | DA42: OUI | DB42: OUI | DC42: OUI | DD42: OUI | DE42: OUI | DF42: OUI | DG42: OUI | DH42: OUI | DI42: OUI | DJ42: OUI | DK42: OUI | DL42: OUI | DM42: OUI | DN42: OUI | DO42: OUI | DP42: OUI | DQ42: OUI | DR42: OUI | DS42: OUI | DT42: OUI | DU42: OUI | DV42: OUI | DW42: OUI
A43: 40 | B43: organisation interprofessionnelle de la filière lait de vaches au Cameroun | C43: 698319292 | D43: TCHABAM-FARO | G43: 7 | H43: 3600 littres | I43: NON | J43: 3600000 | K43: lait | L43: lait Local | M43: 23 | N43: OUI | O43: OUI | P43: OUI | Q43: OUI | R43: NON | S43: NON | T43: OUI | U43: OUI | V43: OUI | W43: NON | X43: NON | Y43: OUI | Z43: OUI | AA43: OUI | AB43: OUI | AC43: OUI | AD43: OUI | AE43: OUI | AF43: OUI | AG43: OUI | AH43: OUI | AI43: OUI | AJ43: OUI | AK43: OUI | AL43: OUI | AM43: OUI | AN43: OUI | AO43: OUI | AP43: NON | AQ43: OUI | AR43: OUI | AS43: OUI | AT43: OUI | AU43: OUI | AV43: OUI | AW43: OUI | AX43: OUI | AY43: OUI | AZ43: OUI | BA43: OUI | BB43: OUI | BC43: OUI | BD43: OUI | BE43: OUI | BF43: OUI | BG43: OUI | BH43: NON | BI43: OUI | BJ43: OUI | BK43: OUI | BL43: OUI | BM43: OUI | BN43: OUI | BO43: OUI | BP43: OUI | BQ43: OUI | BR43: OUI | BS43: OUI | BT43: OUI | BU43: OUI | BV43: NON | BW43: NON | BX43: NON | BY43: NON | BZ43: NON | CA43: NON | CB43: NON | CC43: NON | CD43: NON | CE43: NON | CF43: NON | CG43: NON | CH43: NON | CI43: NON | CJ43: NON | CK43: NON | CL43: NON | CM43: NON | CN43: NON | CO43: NON | CP43: NON | CQ43: NON | CR43: NON | CS43: NON | CT43: NON | CU43: NON | CV43: NON | CW43: NON | CX43: NON | CY43: NON | CZ43: NON | DA43: NON | DB43: NON | DC43: NON | DD43: NON | DE43: NON | DF43: NON | DG43: NON | DH43: NON | DI43: NON | DJ43: NON | DK43: NON | DL43: NON | DM43: NON | DN43: NON | DO43: NON | DP43: NON | DQ43: NON | DR43: NON | DS43: NON | DT43: NON | DU43: NON | DV43: NON | DW43: NON
A44: 41 | B44: Mélanie Tekaneng | C44: 698336566 | D44: Bertoua | G44: 2 | H44: 100 000 mois | I44: NON | J44: 1200000 | K44: Poisson | L44: cilliures | M44: 2 | N44: NON | O44: OUI | P44: NON | Q44: NON | R44: NON | S44: NON | T44: NON | U44: NON | V44: NON | W44: NON | X44: NON | Y44: NON | Z44: NON | AA44: NON | AB44: NON | AC44: NON | AD44: NON | AE44: NON | AF44: NON | AG44: NON | AH44: NON | AI44: NON | AJ44: NON | AK44: NON | AL44: OUI | AM44: OUI | AN44: OUI | AO44: OUI | AP44: OUI | AQ44: OUI | AR44: OUI | AS44: OUI | AT44: OUI | AU44: OUI | AV44: OUI | AW44: OUI | AX44: OUI | AY44: OUI | AZ44: OUI | BA44: OUI | BB44: OUI | BC44: OUI | BD44: NON | BE44: NON | BF44: NON | BG44: NON | BH44: NON | BI44: NON | BJ44: NON | BK44: NON | BL44: NON | BM44: NON | BN44: NON | BO44: NON | BP44: NON | BQ44: NON | BR44: NON | BS44: NON | BT44: NON | BU44: NON | BV44: NON | BW44: NON | BX44: NON | BY44: NON | BZ44: NON | CA44: NON | CB44: NON | CC44: NON | CD44: NON | CE44: NON | CF44: NON | CG44: NON | CH44: NON | CI44: NON | CJ44: NON | CK44: NON | CL44: NON | CM44: NON | CN44: NON | CO44: NON | CP44: NON | CQ44: NON | CR44: NON | CS44: NON | CT44: NON | CU44: NON | CV44: NON | CW44: NON | CX44: NON | CY44: NON | CZ44: NON | DA44: NON | DB44: NON | DC44: NON | DD44: NON | DE44: NON | DF44: NON | DG44: NON | DH44: NON | DI44: NON | DJ44: NON | DK44: NON | DL44: NON | DM44: NON | DN44: NON | DO44: NON | DP44: NON | DQ44: NON | DR44: NON | DS44: NON | DT44: NON | DU44: NON | DV44: NON | DW44: NON
A45: 42 | B45: Moisso-Michel | C45: 694884692 | D45: KRIBI | G45: 2 | J45: 60000000 | K45: Poisson | L45: Poisson | M45: 7 | N45: OUI | O45: NON | P45: NON | Q45: NON | R45: NON | S45: NON | T45: NON | U45: NON | V45: NON | W45: NON | X45: NON | Y45: NON | Z45: NON | AA45: OUI | AB45: OUI | AC45: OUI | AD45: OUI | AE45: OUI | AF45: OUI | AG45: OUI | AH45: OUI | AI45: OUI | AJ45: OUI | AK45: OUI | AL45: OUI | AM45: OUI | AN45: NON | AO45: NON | AP45: NON | AQ45: NON | AR45: NON | AS45: NON | AT45: NON | AU45: NON | AV45: NON | AW45: NON | AX45: NON | AY45: NON | AZ45: NON | BA45: NON | BB45: NON | BC45: NON | BD45: NON | BE45: NON | BF45: NON | BG45: NON | BH45: NON | BI45: NON | BJ45: NON | BK45: NON | BL45: NON | BM45: NON | BN45: NON | BO45: NON | BP45: NON | BQ45: NON | BR45: NON | BS45: NON | BT45: NON | BU45: NON | BV45: NON | BW45: NON | BX45: NON | BY45: NON | BZ45: NON | CA45: NON | CB45: NON | CC45: NON | CD45: NON | CE45: NON | CF45: NON | CG45: NON | CH45: NON | CI45: NON | CJ45: NON | CK45: NON | CL45: NON | CM45: NON | CN45: NON | CO45: NON | CP45: NON | CQ45: NON | CR45: NON | CS45: NON | CT45: NON | CU45: OUI | CV45: OUI | CW45: OUI | CX45: OUI | CY45: OUI | CZ45: OUI | DA45: OUI | DB45: OUI | DC45: OUI | DD45: OUI | DE45: OUI | DF45: OUI | DG45: OUI | DH45: OUI | DI45: OUI | DJ45: OUI | DK45: OUI | DL45: OUI | DM45: OUI | DN45: OUI | DO45: OUI | DP45: OUI | DQ45: OUI | DR45: OUI | DS45: OUI | DT45: OUI | DU45: OUI | DV45: OUI | DW45: OUI | DX45: n
A46: 43 | B46: Pompou Mangac | C46: 697181400 | D46: mbang-BATOURI | G46: 40 | H46: environ 3000 régimes | I46: NON | J46: 17000000 | K46: Plantain | L46: banane plantain | M46: 12 | N46: NON | O46: OUI | P46: NON | Q46: OUI | R46: OUI | S46: NON | T46: NON | U46: NON | V46: OUI | W46: OUI | X46: OUI | Y46: OUI | Z46: OUI | AA46: OUI | AB46: OUI | AC46: NON | AD46: OUI | AE46: OUI | AF46: OUI | AG46: NON | AH46: NON | AI46: OUI | AJ46: OUI | AK46: OUI | AL46: NON | AM46: NON | AN46: OUI | AO46: OUI | AP46: OUI | AQ46: OUI | AR46: OUI | AS46: OUI | AT46: OUI | AU46: NON | AV46: NON | AW46: OUI | AX46: OUI | AY46: NON | AZ46: NON | BA46: OUI | BB46: OUI | BC46: OUI | BD46: OUI | BE46: OUI | BF46: OUI | BG46: OUI | BH46: OUI | BI46: OUI | BJ46: OUI | BK46: OUI | BL46: OUI | BM46: OUI | BN46: OUI | BO46: OUI | BP46: OUI | BQ46: OUI | BR46: OUI | BS46: OUI | BT46: OUI | BU46: OUI | BV46: NON | BW46: NON | BX46: OUI | BY46: OUI | BZ46: OUI | CA46: OUI | CB46: OUI | CC46: OUI | CD46: OUI | CE46: NON | CF46: NON | CG46: OUI | CH46: OUI | CI46: OUI | CJ46: NON | CK46: OUI | CL46: OUI | CM46: OUI | CN46: OUI | CO46: OUI | CP46: OUI | CQ46: OUI | CR46: OUI | CS46: OUI | CT46: OUI | CU46: OUI | CV46: OUI | CW46: NON | CX46: NON | CY46: OUI | CZ46: OUI | DA46: NON | DB46: NON | DC46: OUI | DD46: OUI | DE46: OUI | DF46: OUI | DG46: OUI | DH46: OUI | DI46: OUI | DJ46: OUI | DK46: OUI | DL46: OUI | DM46: OUI | DN46: OUI | DO46: NON | DP46: NON | DQ46: OUI | DR46: OUI | DS46: NON | DT46: NON | DU46: OUI | DV46: OUI | DW46: OUI
A47: 44 | B47: société coopérative | C47: 656 02 80 82 | D47: NDOM,AKONOLINGA | G47: 11 | H47: 30 a 40 tonnes | I47: NON | J47: 1000000 | K47: Plantain | L47: Plantain | M47: 6 | N47: OUI | O47: OUI | P47: NON | Q47: NON | R47: NON | S47: NON | T47: NON | U47: NON | V47: NON | W47: NON | X47: NON | Y47: OUI | Z47: OUI | AA47: NON | AB47: NON | AC47: OUI | AD47: NON | AE47: OUI | AF47: OUI | AG47: OUI | AH47: OUI | AI47: OUI | AJ47: OUI | AK47: OUI | AL47: OUI | AM47: OUI | AN47: OUI | AO47: OUI | AP47: OUI | AQ47: OUI | AR47: OUI | AS47: OUI | AT47: OUI | AU47: OUI | AV47: OUI | AW47: OUI | AX47: OUI | AY47: OUI | AZ47: OUI | BA47: OUI | BB47: OUI | BC47: OUI | BD47: OUI | BE47: OUI | BF47: OUI | BG47: OUI | BH47: OUI | BI47: NON | BJ47: NON | BK47: NON | BL47: NON | BM47: NON | BN47: NON | BO47: NON | BP47: OUI | BQ47: OUI | BR47: OUI | BS47: OUI | BT47: OUI | BU47: OUI | BV47: OUI | BW47: OUI | BX47: OUI | BY47: OUI | BZ47: OUI | CA47: OUI | CB47: OUI | CC47: OUI | CD47: OUI | CE47: OUI | CF47: OUI | CG47: OUI | CH47: OUI | CI47: OUI | CJ47: OUI | CK47: OUI | CL47: OUI | CM47: OUI | CN47: OUI | CO47: OUI | CP47: OUI | CQ47: OUI | CR47: OUI | CS47: OUI | CT47: OUI | CU47: OUI | CV47: OUI | CW47: OUI | CX47: OUI | CY47: OUI | CZ47: OUI | DA47: OUI | DB47: OUI | DC47: OUI | DD47: OUI | DE47: OUI | DF47: OUI | DG47: OUI | DH47: OUI | DI47: OUI | DJ47: OUI | DK47: OUI | DL47: OUI | DM47: OUI | DN47: OUI | DO47: OUI | DP47: OUI | DQ47: OUI | DR47: OUI | DS47: OUI | DT47: OUI | DU47: OUI | DV47: OUI | DW47: OUI | DX47: n
A48: 45 | B48: NYANO Patrice | C48: 699936505 | D48: Nkolbisson YAOUNDE | G48: 3 | I48: NON | K48: poisson | L48: poisson | M48: 15 | N48: OUI | O48: NON | P48: NON | Q48: NON | R48: NON | S48: NON | T48: OUI | U48: OUI | V48: OUI | W48: OUI | X48: OUI | Y48: OUI | Z48: OUI | AA48: OUI | AB48: OUI | AC48: OUI | AD48: OUI | AE48: OUI | AF48: OUI | AG48: OUI | AH48: OUI | AI48: OUI | AJ48: OUI | AK48: OUI | AL48: OUI | AM48: OUI | AN48: NON | AO48: NON | AP48: NON | AQ48: OUI | AR48: OUI | AS48: OUI | AT48: OUI | AU48: OUI | AV48: OUI | AW48: OUI | AX48: OUI | AY48: OUI | AZ48: OUI | BA48: OUI | BB48: OUI | BC48: OUI | BD48: NON | BE48: NON | BF48: NON | BG48: NON | BH48: NON | BI48: NON | BJ48: NON | BK48: NON | BL48: NON | BM48: NON | BN48: NON | BO48: NON | BP48: NON | BQ48: NON | BR48: NON | BS48: NON | BT48: NON | BU48: NON | BV48: NON | BW48: NON | BX48: NON | BY48: NON | BZ48: NON | CA48: NON | CB48: NON | CC48: NON | CD48: NON | CE48: NON | CF48: NON | CG48: NON | CH48: NON | CI48: NON | CJ48: NON | CK48: NON | CL48: NON | CM48: NON | CN48: NON | CO48: NON | CP48: NON | CQ48: NON | CR48: NON | CS48: NON | CT48: NON | CU48: NON | CV48: NON | CW48: NON | CX48: NON | CY48: NON | CZ48: NON | DA48: NON | DB48: NON | DC48: NON | DD48: NON | DE48: NON | DF48: NON | DG48: NON | DH48: NON | DI48: NON | DJ48: NON | DK48: NON | DL48: NON | DM48: NON | DN48: NON | DO48: NON | DP48: NON | DQ48: NON | DR48: NON | DS48: NON | DT48: NON | DU48: NON | DV48: NON | DW48: NON
A49: 46 | B49: KINDAG adlist sarl | C49: 653 90 79 49 | D49: Makat Centre ezéka | G49: 16 | H49: 10000 bouteilles | I49: NON | J49: 33000000 | K49: Plantain | L49: banane plantée et nous transformons en boisson alcoolisée de la catégorie d'insuline | M49: 5 | N49: OUI | O49: NON | P49: NON | Q49: OUI | R49: NON | S49: NON | T49: NON | U49: NON | V49: NON | W49: NON | X49: NON | Y49: NON | Z49: NON | AA49: NON | AB49: NON | AC49: NON | AD49: NON | AE49: NON | AF49: NON | AG49: NON | AH49: NON | AI49: NON | AJ49: NON | AK49: NON | AL49: NON | AM49: NON | AN49: NON | AO49: NON | AP49: NON | AQ49: NON | AR49: NON | AS49: NON | AT49: NON | AU49: NON | AV49: NON | AW49: NON | AX49: NON | AY49: NON | AZ49: NON | BA49: NON | BB49: NON | BC49: NON | BD49: NON | BE49: NON | BF49: NON | BG49: NON | BH49: NON | BI49: NON | BJ49: NON | BK49: NON | BL49: NON | BM49: NON | BN49: NON | BO49: NON | BP49: NON | BQ49: NON | BR49: NON | BS49: NON | BT49: NON | BU49: NON | BV49: NON | BW49: NON | BX49: NON | BY49: NON | BZ49: NON | CA49: NON | CB49: NON | CC49: NON | CD49: NON | CE49: NON | CF49: NON | CG49: NON | CH49: NON | CI49: NON | CJ49: NON | CK49: NON | CL49: NON | CM49: NON | CN49: OUI | CO49: OUI | CP49: NON | CQ49: NON | CR49: NON | CS49: OUI | CT49: OUI | CU49: NON | CV49: NON | CW49: NON | CX49: OUI | CY49: OUI | CZ49: OUI | DA49: OUI | DB49: OUI | DC49: OUI | DD49: OUI | DE49: NON | DF49: NON | DG49: NON | DH49: NON | DI49: NON | DJ49: OUI | DK49: OUI | DL49: OUI | DM49: NON | DN49: OUI | DO49: OUI | DP49: OUI | DQ49: OUI | DR49: OUI | DS49: OUI | DT49: OUI | DU49: OUI | DV49: OUI | DW49: OUI
A50: 47 | B50: société Harris Yaourt | C50: 670 10 09 31 | D50: Yaoundé Ngoa ékelle | G50: 7 | H50: 2600 LITTRES | I50: OUI | J50: 2400000 | K50: Lait | L50: yaourt | M50: 5 | N50: OUI | O50: NON | P50: NON | Q50: OUI | R50: NON | S50: NON | T50: NON | U50: NON | V50: OUI | W50: NON | X50: NON | Y50: OUI | Z50: OUI | AA50: OUI | AB50: OUI | AC50: OUI | AD50: OUI | AE50: OUI | AF50: OUI | AG50: OUI | AH50: OUI | AI50: OUI | AJ50: OUI | AK50: OUI | AL50: OUI | AM50: OUI | AN50: OUI | AO50: OUI | AP50: OUI | AQ50: NON | AR50: NON | AS50: NON | AT50: NON | AU50: NON | AV50: NON | AW50: NON | AX50: NON | AY50: NON | AZ50: NON | BA50: NON | BB50: NON | BC50: NON | BD50: NON | BE50: NON | BF50: NON | BG50: NON | BH50: NON | BI50: NON | BJ50: NON | BK50: NON | BL50: NON | BM50: NON | BN50: NON | BO50: NON | BP50: NON | BQ50: NON | BR50: NON | BS50: NON | BT50: NON | BU50: NON | BV50: NON | BW50: NON | BX50: NON | BY50: NON | BZ50: NON | CA50: NON | CB50: NON | CC50: NON | CD50: OUI | CE50: OUI | CF50: NON | CG50: OUI | CH50: OUI | CI50: OUI | CJ50: OUI | CK50: OUI | CL50: OUI | CM50: OUI | CN50: OUI | CO50: OUI | CP50: OUI | CQ50: OUI | CR50: OUI | CS50: OUI | CT50: OUI | CU50: OUI | CV50: NON | CW50: NON | CX50: NON | CY50: NON | CZ50: NON | DA50: NON | DB50: NON | DC50: NON | DD50: NON | DE50: NON | DF50: NON | DG50: NON | DH50: NON | DI50: NON | DJ50: NON | DK50: NON | DL50: NON | DM50: NON | DN50: NON | DO50: NON | DP50: NON | DQ50: NON | DR50: NON | DS50: NON | DT50: NON | DU50: NON | DV50: NON | DW50: NON | DX50: n
A51: 48 | B51: SCOOPS C.A.B.K.J | C51: 690777710 | D51: Ngaoundéré | G51: 12 | H51: 7 tonnes par an , 45000 alevin par an | I51: NON | J51: 7000000 | K51: poisson | L51: poisson de table | M51: 11 | N51: OUI | O51: NON | P51: NON | Q51: NON | R51: NON | S51: NON | T51: NON | U51: NON | V51: NON | W51: NON | X51: NON | Y51: NON | Z51: NON | AA51: NON | AB51: NON | AC51: NON | AD51: NON | AE51: NON | AF51: NON | AG51: NON | AH51: NON | AI51: NON | AJ51: NON | AK51: NON | AL51: NON | AM51: NON | AN51: NON | AO51: NON | AP51: NON | AQ51: NON | AR51: NON | AS51: NON | AT51: NON | AU51: NON | AV51: NON | AW51: NON | AX51: NON | AY51: NON | AZ51: NON | BA51: NON | BB51: NON | BC51: NON | BD51: NON | BE51: NON | BF51: NON | BG51: NON | BH51: NON | BI51: NON | BJ51: NON | BK51: NON | BL51: NON | BM51: NON | BN51: NON | BO51: NON | BP51: NON | BQ51: NON | BR51: NON | BS51: NON | BT51: NON | BU51: NON | BV51: NON | BW51: NON | BX51: NON | BY51: NON | BZ51: NON | CA51: NON | CB51: NON | CC51: NON | CD51: NON | CE51: NON | CF51: NON | CG51: NON | CH51: NON | CI51: NON | CJ51: NON | CK51: NON | CL51: NON | CM51: NON | CN51: OUI | CO51: OUI | CP51: OUI | CQ51: OUI | CR51: OUI | CS51: OUI | CT51: OUI | CU51: NON | CV51: NON | CW51: NON | CX51: NON | CY51: NON | CZ51: OUI | DA51: OUI | DB51: OUI | DC51: OUI | DD51: OUI | DE51: OUI | DF51: OUI | DG51: OUI | DH51: OUI | DI51: OUI | DJ51: OUI | DK51: OUI | DL51: OUI | DM51: NON | DN51: NON | DO51: NON | DP51: NON | DQ51: OUI | DR51: OUI | DS51: OUI | DT51: OUI | DU51: OUI | DV51: OUI | DW51: OUI
D52: Mfou | H52: 2 tonnes | I52: NON | K52: Huile de palme | L52: Huile de palme | M52: 15 | N52: OUI | O52: NON | P52: NON | Q52: NON | R52: NON | S52: NON | T52: NON | U52: NON | V52: NON | W52: NON | X52: NON | Y52: NON | Z52: NON | AA52: NON | AB52: NON | AC52: NON | AD52: NON | AE52: NON | AF52: NON | AG52: NON | AH52: NON | AI52: NON | AJ52: NON | AK52: NON | AL52: NON | AM52: NON | AN52: NON | AO52: NON | AP52: NON | AQ52: NON | AR52: NON | AS52: NON | AT52: NON | AU52: NON | AV52: NON | AW52: NON | AX52: NON | AY52: NON | AZ52: NON | BA52: NON | BB52: NON | BC52: NON | BD52: NON | BE52: NON | BF52: NON | BG52: NON | BH52: NON | BI52: NON | BJ52: NON | BK52: NON | BL52: NON | BM52: NON | BN52: NON | BO52: NON | BP52: NON | BQ52: NON | BR52: NON | BS52: NON | BT52: NON | BU52: NON | BV52: NON | BW52: NON | BX52: NON | BY52: NON | BZ52: NON | CA52: NON | CB52: NON | CC52: NON | CD52: NON | CE52: NON | CF52: NON | CG52: NON | CH52: NON | CI52: NON | CJ52: NON | CK52: NON | CL52: NON | CM52: NON | CN52: NON | CO52: NON | CP52: NON | CQ52: OUI | CR52: OUI | CS52: OUI | CT52: OUI | CU52: OUI | CV52: OUI | CW52: OUI | CX52: OUI | CY52: OUI | CZ52: OUI | DA52: OUI | DB52: OUI | DC52: OUI | DD52: OUI | DE52: OUI | DF52: OUI | DG52: OUI | DH52: OUI | DI52: OUI | DJ52: OUI | DK52: OUI | DL52: OUI | DM52: OUI | DN52: OUI | DO52: OUI | DP52: OUI | DQ52: OUI | DR52: OUI | DS52: OUI | DT52: OUI | DU52: OUI | DV52: OUI | DW52: OUI
I53: NON
I54: NON
I55: NON
I56: NON
I57: NON
I58: NON
I59: NON
I60: NON
I61: NON
I62: NON
I63: NON
I64: NON
... I91: NON
K93: =+COUNTIF(K5:K91,"OUI") -> 0 | L93: =+COUNTIF(L5:L91,"OUI") -> 0 | M93: =+COUNTIF(M5:M91,"OUI") -> 0 | N93: =+COUNTIF(N5:N91,"OUI") -> 43 | O93: =+COUNTIF(O5:O91,"OUI") -> 17 | P93: =+COUNTIF(P5:P91,"OUI") -> 3 | Q93: =+COUNTIF(Q5:Q91,"OUI") -> 8 | R93: =+COUNTIF(R5:R91,"OUI") -> 4 | ... DX93: =+COUNTIF(DX5:DX91,"OUI") -> 0
K94: =+COUNTIF(K4:K93,"Fruits et légumes") -> 10 | L94: Fruits et légumes | N94: =COUNTIFS($K$4:$K$91,$K$12,N4:N91,$N$16) -> 10 | O94: =COUNTIFS($K$4:$K$91,$K$12,O4:O91,$N$16) -> 2 | P94: =COUNTIFS($K$4:$K$91,$K$12,P4:P91,$N$16) -> 0 | Q94: =COUNTIFS($K$4:$K$91,$K$12,Q4:Q91,$N$16) -> 0 | R94: =COUNTIFS($K$4:$K$91,$K$12,R4:R91,$N$16) -> 1 | S94: =COUNTIFS($K$4:$K$91,$K$12,S4:S91,$N$16) -> 0 | T94: =COUNTIFS($K$4:$K$91,$K$12,T4:T91,$N$16) -> 0 | U94: =COUNTIFS($K$4:$K$91,$K$12,U4:U91,$N$16) -> 0 | ... DW94: =COUNTIFS($K$4:$K$91,$K$12,DW4:DW91,$N$16) -> 3 | DX94: n
K95: =+COUNTIF(K4:K94,"Volaile de chair") -> 10 | L95: Volaile de chair | N95: =COUNTIFS($K$4:$K$91,$K$18,N4:N91,$N$6) -> 9 | O95: =COUNTIFS($K$4:$K$91,$K$18,O4:O91,$N$6) -> 4 | P95: =COUNTIFS($K$4:$K$91,$K$18,P4:P91,$N$6) -> 2 | Q95: =COUNTIFS($K$4:$K$91,$K$18,Q4:Q91,$N$6) -> 2 | R95: =COUNTIFS($K$4:$K$91,$K$18,R4:R91,$N$6) -> 1 | S95: =COUNTIFS($K$4:$K$91,$K$18,S4:S91,$N$6) -> 1 | T95: =COUNTIFS($K$4:$K$91,$K$18,T4:T91,$N$6) -> 2 | U95: =COUNTIFS($K$4:$K$91,$K$18,U4:U91,$N$6) -> 2 | ... DW95: =COUNTIFS($K$4:$K$91,$K$18,DW4:DW91,$N$6) -> 3 | DX95: n
K96: =+COUNTIF(K5:K95,K21) -> 4 | L96: Lait | N96: =COUNTIFS($K$4:$K$91,$K$21,N4:N91,$N$6) -> 4 | O96: =COUNTIFS($K$4:$K$91,$K$21,O4:O91,$N$6) -> 2 | P96: =COUNTIFS($K$4:$K$91,$K$21,P4:P91,$N$6) -> 1 | Q96: =COUNTIFS($K$4:$K$91,$K$21,Q4:Q91,$N$6) -> 2 | R96: =COUNTIFS($K$4:$K$91,$K$21,R4:R91,$N$6) -> 0 | S96: =COUNTIFS($K$4:$K$91,$K$21,S4:S91,$N$6) -> 0 | T96: =COUNTIFS($K$4:$K$91,$K$21,T4:T91,$N$6) -> 1 | U96: =COUNTIFS($K$4:$K$91,$K$21,U4:U91,$N$6) -> 1 | ... DW96: =COUNTIFS($K$4:$K$91,$K$21,DW4:DW91,$N$6) -> 1 | DX96: n
K97: =+COUNTIF(K4:K91,K27) -> 10 | L97: Manioc et autres tubercules | N97: =COUNTIFS($K$4:$K$91,$K$22,N4:N91,$N$7) -> 10 | O97: =COUNTIFS($K$4:$K$91,$K$22,O4:O91,$N$7) -> 1 | P97: =COUNTIFS($K$4:$K$91,$K$22,P4:P91,$N$7) -> 0 | Q97: =COUNTIFS($K$4:$K$91,$K$22,Q4:Q91,$N$7) -> 0 | R97: =COUNTIFS($K$4:$K$91,$K$22,R4:R91,$N$7) -> 1 | S97: =COUNTIFS($K$4:$K$91,$K$22,S4:S91,$N$7) -> 1 | T97: =COUNTIFS($K$4:$K$91,$K$22,T4:T91,$N$7) -> 0 | U97: =COUNTIFS($K$4:$K$91,$K$22,U4:U91,$N$7) -> 0 | ... DW97: =COUNTIFS($K$4:$K$91,$K$22,DW4:DW91,$N$7) -> 7 | DX97: n
K98: =+COUNTIF(K7:K97,K26) -> 9 | L98: Poisson | N98: =COUNTIFS($K$4:$K$93,$K$41,N4:N93,$N$7) -> 7 | O98: =COUNTIFS($K$4:$K$91,$K$26,O4:O91,$N$5) -> 4 | P98: =COUNTIFS($K$4:$K$91,$K$26,P4:P91,$N$5) -> 0 | Q98: =COUNTIFS($K$4:$K$91,$K$26,Q4:Q91,$N$5) -> 2 | R98: =COUNTIFS($K$4:$K$91,$K$26,R4:R91,$N$5) -> 0 | S98: =COUNTIFS($K$4:$K$91,$K$26,S4:S91,$N$5) -> 0 | T98: =COUNTIFS($K$4:$K$91,$K$26,T4:T91,$N$5) -> 2 | U98: =COUNTIFS($K$4:$K$91,$K$26,U4:U91,$N$5) -> 2 | V98: =COUNTIFS($K$4:$K$91,$K$26,V4:V91,$N$5) -> 2 | ... DW98: =COUNTIFS($K$4:$K$91,$K$26,DW4:DW91,$N$5) -> 4 | DX98: n
K99: =+COUNTIF(K8:K98,K30) -> 3 | L99: Huile de palme | N99: =COUNTIFS($K$4:$K$92,$K$30,N4:N92,$N$10) -> 2 | O99: =COUNTIFS($K$4:$K$92,$K$30,O4:O92,$N$10) -> 2 | P99: =COUNTIFS($K$4:$K$92,$K$30,P4:P92,$N$10) -> 0 | Q99: =COUNTIFS($K$4:$K$92,$K$30,Q4:Q92,$N$10) -> 0 | R99: =COUNTIFS($K$4:$K$92,$K$30,R4:R92,$N$10) -> 0 | S99: =COUNTIFS($K$4:$K$92,$K$30,S4:S92,$N$10) -> 0 | T99: =COUNTIFS($K$4:$K$92,$K$30,T4:T92,$N$10) -> 0 | U99: =COUNTIFS($K$4:$K$92,$K$30,U4:U92,$N$10) -> 0 | ... DW99: =COUNTIFS($K$4:$K$92,$K$30,DW4:DW92,$N$10) -> 1 | DX99: n
K100: =+COUNTIF(K9:K99,L47) -> 3 | L100: Plantain | N100: =COUNTIFS($K$4:$K$92,$L$47,N4:N92,$N$7) -> 2 | O100: =COUNTIFS($K$4:$K$34,#REF!,O4:O34,$N$6) -> 0 | P100: =COUNTIFS($K$4:$K$34,#REF!,P4:P34,$N$6) -> 0 | Q100: =COUNTIFS($K$4:$K$34,#REF!,Q4:Q34,$N$6) -> 0 | R100: =COUNTIFS($K$4:$K$34,#REF!,R4:R34,$N$6) -> 0 | S100: =COUNTIFS($K$4:$K$34,#REF!,S4:S34,$N$6) -> 0 | T100: =COUNTIFS($K$4:$K$34,#REF!,T4:T34,$N$6) -> 0 | U100: =COUNTIFS($K$4:$K$34,#REF!,U4:U34,$N$6) -> 0 | V100: =COUNTIFS($K$4:$K$34,#REF!,V4:V34,$N$6) -> 0 | ... DW100: =COUNTIFS($K$4:$K$34,#REF!,DW4:DW34,$N$6) -> 0 | DX100: n
N101: =IF(AND(K11="Fruits et légumes",N11="OUI"),1,0) -> 0 | DX101: n
N102: =IF(AND(K12="Fruits et légumes",N12="OUI"),1,0) -> 1 | DX102: n
N103: =IF(AND(K13="Fruits et légumes",N13="OUI"),1,0) -> 1 | DX103: n
N104: =IF(AND(K14="Fruits et légumes",N14="OUI"),1,0) -> 1 | DX104: n
N105: =IF(AND(K15="Fruits et légumes",N15="OUI"),1,0) -> 1 | DX105: n
N106: =IF(AND(K16="Fruits et légumes",N16="OUI"),1,0) -> 0 | DX106: n
N107: =IF(AND(K17="Fruits et légumes",N17="OUI"),1,0) -> 0 | DX107: n
N108: =IF(AND(K18="Fruits et légumes",N18="OUI"),1,0) -> 0 | DX108: n
N109: =IF(AND(K19="Fruits et légumes",N19="OUI"),1,0) -> 0
N110: =IF(AND(K20="Fruits et légumes",N20="OUI"),1,0) -> 0
N111: =IF(AND(K21="Fruits et légumes",N21="OUI"),1,0) -> 0
N112: =AND(K22="Fruits et légumes",N22="OUI") -> FALSE

Sheet PR MARCHE PAR FI
B3: Marché local | C3: Marché Grossistes / | D3: Marché de l’Etat | E3: Marché numérique | F3: Marché de la sous region | G3: Marché export (à l’étranger)
A4: Fruits et légumes | B4: =+'Analyse resultats'!N94 -> 10 | C4: =+'Analyse resultats'!O94 -> 2 | D4: =+'Analyse resultats'!P94 -> 0 | E4: =+'Analyse resultats'!Q94 -> 0 | F4: =+'Analyse resultats'!R94 -> 1 | G4: =+'Analyse resultats'!S94 -> 0
A5: Volaile de chair | B5: =+'Analyse resultats'!N95 -> 9 | C5: =+'Analyse resultats'!O95 -> 4 | D5: =+'Analyse resultats'!P95 -> 2 | E5: =+'Analyse resultats'!Q95 -> 2 | F5: =+'Analyse resultats'!R95 -> 1 | G5: =+'Analyse resultats'!S95 -> 1
A6: Lait | B6: =+'Analyse resultats'!N96 -> 4 | C6: =+'Analyse resultats'!O96 -> 2 | D6: =+'Analyse resultats'!P96 -> 1 | E6: =+'Analyse resultats'!Q96 -> 2 | F6: =+'Analyse resultats'!R96 -> 0 | G6: =+'Analyse resultats'!S96 -> 0
A7: Manioc et autres tubercules | B7: =+'Analyse resultats'!N97 -> 10 | C7: =+'Analyse resultats'!O97 -> 1 | D7: =+'Analyse resultats'!P97 -> 0 | E7: =+'Analyse resultats'!Q97 -> 0 | F7: =+'Analyse resultats'!R97 -> 1 | G7: =+'Analyse resultats'!S97 -> 1
A8: Poisson | B8: =+'Analyse resultats'!N98 -> 7 | C8: =+'Analyse resultats'!O98 -> 4 | D8: =+'Analyse resultats'!P98 -> 0 | E8: =+'Analyse resultats'!Q98 -> 2 | F8: =+'Analyse resultats'!R98 -> 0 | G8: =+'Analyse resultats'!S98 -> 0
A9: Huile de palme | B9: =+'Analyse resultats'!N99 -> 2 | C9: =+'Analyse resultats'!O99 -> 2 | D9: =+'Analyse resultats'!P99 -> 0 | E9: =+'Analyse resultats'!Q99 -> 0 | F9: =+'Analyse resultats'!R99 -> 0 | G9: =+'Analyse resultats'!S99 -> 0
A10: Plantain | B10: =+'Analyse resultats'!N100 -> 2 | C10: =+'Analyse resultats'!O100 -> 0 | D10: =+'Analyse resultats'!P100 -> 0 | E10: =+'Analyse resultats'!Q100 -> 0 | F10: =+'Analyse resultats'!R100 -> 0 | G10: =+'Analyse resultats'!S100 -> 0
A11: Total | B11: =SUM(B4:B10) -> 44 | C11: =SUM(C4:C10) -> 15 | D11: =SUM(D4:D10) -> 3 | E11: =SUM(E4:E10) -> 6 | F11: =SUM(F4:F10) -> 3 | G11: =SUM(G4:G10) -> 2

Sheet Veille sur le marché
B3: Marché local (du village / petite ville) | C3: Marché Grossistes / Semi-grossistes, Grandes surfaces / Supermarchés, hôtels | D3: Marché de l’Etat : cantines, hôpitaux, écoles, ministères (commandes publiques) | E3: Marché numérique (Facebook, Tiktok, Whatsapp, etc.) | F3: Marché de la sous region (à l’étranger) | G3: Marché export (à l’étranger)
A4: Accès limité sur les opportunités du marché | B4: =+'Analyse resultats'!T93 -> 5 | C4: =+'Analyse resultats'!AL93 -> 21 | D4: =+'Analyse resultats'!BD93 -> 10 | E4: =+'Analyse resultats'!BV93 -> 8 | F4: =+'Analyse resultats'!CN93 -> 23 | G4: =+'Analyse resultats'!DF93 -> 21
A5: Accès limité au fonctionnement du marché | B5: =+'Analyse resultats'!U93 -> 5 | C5: =+'Analyse resultats'!AM93 -> 20 | D5: =+'Analyse resultats'!BE93 -> 10 | E5: =+'Analyse resultats'!BW93 -> 5 | F5: =+'Analyse resultats'!CO93 -> 23 | G5: =+'Analyse resultats'!DG93 -> 21

Sheet Frein au marché 
B2: Presence marché par filliére
B3: Stockage | C3: Conditionnement | D3: Conservation | E3: Moyen de transport – FREIN (version détaillée comme tu veux) | F3: Coût du transport – FREIN (version détaillée comme tu veux) | G3: Formation normes & qualité – FREIN | H3: Formation administrative – FREIN | I3: Formation numérique – FREIN | J3: Formation marketing / négociations – FREIN | K3: Financement équipement – FREIN | L3: Financement formation normes/qualité – FREIN | M3: Financement formation marketing / négociations– FREIN | N3: Financement formation numérique – FREIN | O3: Financement formation administrative – FREIN | P3: Financement développement global – FREIN | Q3: Préfinancement commandes – FREIN
A4: Marché local (village / petite ville) | B4: =+'Analyse resultats'!V93 -> 11 | C4: =+'Analyse resultats'!W93 -> 8 | D4: =+'Analyse resultats'!X93 -> 9 | E4: =+'Analyse resultats'!Y93 -> 9 | F4: =+'Analyse resultats'!Z93 -> 9 | G4: =+'Analyse resultats'!AA93 -> 10 | H4: =+'Analyse resultats'!AB93 -> 11 | I4: =+'Analyse resultats'!AC93 -> 9 | ... Q4: =+'Analyse resultats'!AK93 -> 14 | R4: =SUM(B4:Q4) -> 178
A5: Marché Grossistes / Semi-grossistes, Grandes surfaces / Supermarchés, hôtels | B5: =+'Analyse resultats'!AN93 -> 18 | C5: =+'Analyse resultats'!AO93 -> 16 | D5: =+'Analyse resultats'!AP93 -> 15 | E5: =+'Analyse resultats'!AQ93 -> 22 | F5: =+'Analyse resultats'!AR93 -> 20 | G5: =+'Analyse resultats'!AS93 -> 15 | H5: =+'Analyse resultats'!AT93 -> 14 | I5: =+'Analyse resultats'!AU93 -> 13 | ... Q5: =+'Analyse resultats'!BC93 -> 20 | R5: =SUM(B5:Q5) -> 276
A6: Marché de l’Etat : cantines, hôpitaux, écoles, ministères (commandes publiques) | B6: =+'Analyse resultats'!BF93 -> 9 | C6: =+'Analyse resultats'!BG93 -> 9 | D6: =+'Analyse resultats'!BH93 -> 8 | E6: =+'Analyse resultats'!BI93 -> 6 | F6: =+'Analyse resultats'!BJ93 -> 6 | G6: =+'Analyse resultats'!BK93 -> 6 | H6: =+'Analyse resultats'!BL93 -> 6 | I6: =+'Analyse resultats'!BM93 -> 6 | ... Q6: =+'Analyse resultats'!BU93 -> 10 | R6: =SUM(B6:Q6) -> 128
A7: Marché numérique (Facebook, Tiktok, Whatsapp, etc.) | B7: =+'Analyse resultats'!BX93 -> 8 | C7: =+'Analyse resultats'!BY93 -> 5 | D7: =+'Analyse resultats'!BZ93 -> 9 | E7: =+'Analyse resultats'!CA93 -> 10 | F7: =+'Analyse resultats'!CB93 -> 10 | G7: =+'Analyse resultats'!CC93 -> 10 | H7: =+'Analyse resultats'!CD93 -> 8 | I7: =+'Analyse resultats'!CE93 -> 7 | ... Q7: =+'Analyse resultats'!CM93 -> 11 | R7: =SUM(B7:Q7) -> 152
A8: Marché de la sous region | B8: =+'Analyse resultats'!CP93 -> 20 | C8: =+'Analyse resultats'!CQ93 -> 18 | D8: =+'Analyse resultats'!CR93 -> 20 | E8: =+'Analyse resultats'!CS93 -> 21 | F8: =+'Analyse resultats'!CT93 -> 25 | G8: =+'Analyse resultats'!CU93 -> 24 | H8: =+'Analyse resultats'!CV93 -> 20 | I8: =+'Analyse resultats'!CW93 -> 19 | ... Q8: =+'Analyse resultats'!DE93 -> 24 | R8: =SUM(B8:Q8) -> 355
A9: Marché export (à l’étranger) | B9: =+'Analyse resultats'!DH93 -> 19 | C9: =+'Analyse resultats'!DI93 -> 17 | D9: =+'Analyse resultats'!DJ93 -> 21 | E9: =+'Analyse resultats'!DK93 -> 21 | F9: =+'Analyse resultats'!DL93 -> 22 | G9: =+'Analyse resultats'!DM93 -> 20 | H9: =+'Analyse resultats'!DN93 -> 18 | I9: =+'Analyse resultats'!DO93 -> 17 | ... Q9: =+'Analyse resultats'!DW93 -> 22 | R9: =SUM(B9:Q9) -> 321

Sheet Frein  marché par fillié NV 1  
B2: Marché local
A3: Manioc | B3: Stockage | C3: Conditionnement | D3: Conservation | E3: Moyen de transport – FREIN (version détaillée comme tu veux) | F3: Coût du transport – FREIN (version détaillée comme tu veux) | G3: Formation normes & qualité – FREIN | H3: Formation administrative – FREIN | I3: Formation numérique – FREIN | J3: Formation marketing / négociations – FREIN | K3: Financement équipement – FREIN | L3: Financement formation normes/qualité – FREIN | M3: Financement formation marketing / négociations– FREIN | N3: Financement formation numérique – FREIN | O3: Financement formation administrative – FREIN | P3: Financement développement global – FREIN | Q3: Préfinancement commandes – FREIN
A4: Fruits et légumes | B4: =+'Analyse resultats'!V94 -> 1 | C4: =+'Analyse resultats'!W94 -> 1 | D4: =+'Analyse resultats'!X94 -> 1 | E4: =+'Analyse resultats'!Y94 -> 1 | F4: =+'Analyse resultats'!Z94 -> 1 | G4: =+'Analyse resultats'!AA94 -> 1 | H4: =+'Analyse resultats'!AB94 -> 1 | I4: =+'Analyse resultats'!AC94 -> 1 | ... Q4: =+'Analyse resultats'!AK94 -> 1
A5: Volaile de chair | B5: =+'Analyse resultats'!V95 -> 6 | C5: =+'Analyse resultats'!W95 -> 5 | D5: =+'Analyse resultats'!X95 -> 6 | E5: =+'Analyse resultats'!Y95 -> 3 | F5: =+'Analyse resultats'!Z95 -> 3 | G5: =+'Analyse resultats'!AA95 -> 3 | H5: =+'Analyse resultats'!AB95 -> 4 | I5: =+'Analyse resultats'!AC95 -> 2 | ... Q5: =+'Analyse resultats'!AK95 -> 6
A6: Lait | B6: =+'Analyse resultats'!V96 -> 2 | C6: =+'Analyse resultats'!W96 -> 0 | D6: =+'Analyse resultats'!X96 -> 0 | E6: =+'Analyse resultats'!Y96 -> 2 | F6: =+'Analyse resultats'!Z96 -> 2 | G6: =+'Analyse resultats'!AA96 -> 2 | H6: =+'Analyse resultats'!AB96 -> 2 | I6: =+'Analyse resultats'!AC96 -> 2 | ... Q6: =+'Analyse resultats'!AK96 -> 2
A7: Manioc et autres tubercules | B7: =+'Analyse resultats'!V97 -> 0 | C7: =+'Analyse resultats'!W97 -> 0 | D7: =+'Analyse resultats'!X97 -> 0 | E7: =+'Analyse resultats'!Y97 -> 0 | F7: =+'Analyse resultats'!Z97 -> 0 | G7: =+'Analyse resultats'!AA97 -> 1 | H7: =+'Analyse resultats'!AB97 -> 1 | I7: =+'Analyse resultats'!AC97 -> 1 | ... Q7: =+'Analyse resultats'!AK97 -> 1
A8: Poisson | B8: =+'Analyse resultats'!V98 -> 2 | C8: =+'Analyse resultats'!W98 -> 2 | D8: =+'Analyse resultats'!X98 -> 2 | E8: =+'Analyse resultats'!Y98 -> 2 | F8: =+'Analyse resultats'!Z98 -> 2 | G8: =+'Analyse resultats'!AA98 -> 3 | H8: =+'Analyse resultats'!AB98 -> 3 | I8: =+'Analyse resultats'!AC98 -> 3 | ... Q8: =+'Analyse resultats'!AK98 -> 3
A9: Huile de palme | B9: =+'Analyse resultats'!V99 -> 0 | C9: =+'Analyse resultats'!W99 -> 0 | D9: =+'Analyse resultats'!X99 -> 0 | E9: =+'Analyse resultats'!Y99 -> 0 | F9: =+'Analyse resultats'!Z99 -> 0 | G9: =+'Analyse resultats'!AA99 -> 0 | H9: =+'Analyse resultats'!AB99 -> 0 | I9: =+'Analyse resultats'!AC99 -> 0 | ... Q9: =+'Analyse resultats'!AK99 -> 0
A10: Plantain | B10: =+'Analyse resultats'!V100 -> 0 | C10: =+'Analyse resultats'!W100 -> 0 | D10: =+'Analyse resultats'!X100 -> 0 | E10: =+'Analyse resultats'!Y100 -> 0 | F10: =+'Analyse resultats'!Z100 -> 0 | G10: =+'Analyse resultats'!AA100 -> 0 | H10: =+'Analyse resultats'!AB100 -> 0 | I10: =+'Analyse resultats'!AC100 -> 0 | ... Q10: =+'Analyse resultats'!AK100 -> 0

Sheet FILLIERRES
C4: Analyse par filliéres
C5: Fruits et légumes | D5: =+'Analyse resultats'!K94 -> 10
C6: Volaile de chair | D6: =+'Analyse resultats'!K95 -> 10
C7: Lait | D7: =+'Analyse resultats'!K96 -> 4
C8: Manioc et autres tubercules | D8: =+'Analyse resultats'!K97 -> 10
C9: Poisson | D9: =+'Analyse resultats'!K98 -> 9
C10: Huile de palme | D10: =+'Analyse resultats'!K99 -> 3
C11: Plantain | D11: =+'Analyse resultats'!K100 -> 3

Sheet Frein  marché par fillié NV (2)
B2: Marché de grossistes
A3: Manioc | B3: Stockage | C3: Conditionnement | D3: Conservation | E3: Moyen de transport – FREIN (version détaillée comme tu veux) | F3: Coût du transport – FREIN (version détaillée comme tu veux) | G3: Formation normes & qualité – FREIN | H3: Formation administrative – FREIN | I3: Formation numérique – FREIN | J3: Formation marketing / négociations – FREIN | K3: Financement équipement – FREIN | L3: Financement formation normes/qualité – FREIN | M3: Financement formation marketing / négociations– FREIN | N3: Financement formation numérique – FREIN | O3: Financement formation administrative – FREIN | P3: Financement développement global – FREIN | Q3: Préfinancement commandes – FREIN
A4: Fruits et légumes | B4: =+'Analyse resultats'!AN94 -> 2 | C4: =+'Analyse resultats'!AO94 -> 1 | D4: =+'Analyse resultats'!AP94 -> 2 | E4: =+'Analyse resultats'!AQ94 -> 4 | F4: =+'Analyse resultats'!AR94 -> 3 | G4: =+'Analyse resultats'!AS94 -> 2 | H4: =+'Analyse resultats'!AT94 -> 2 | I4: =+'Analyse resultats'!AU94 -> 2 | ... Q4: =+'Analyse resultats'!BC94 -> 4
A5: Volaile de chair | B5: =+'Analyse resultats'!AN95 -> 4 | C5: =+'Analyse resultats'!AO95 -> 3 | D5: =+'Analyse resultats'!AP95 -> 2 | E5: =+'Analyse resultats'!AQ95 -> 5 | F5: =+'Analyse resultats'!AR95 -> 5 | G5: =+'Analyse resultats'!AS95 -> 2 | H5: =+'Analyse resultats'!AT95 -> 1 | I5: =+'Analyse resultats'!AU95 -> 1 | ... Q5: =+'Analyse resultats'!BC95 -> 3
A6: Lait | B6: =+'Analyse resultats'!AN96 -> 3 | C6: =+'Analyse resultats'!AO96 -> 3 | D6: =+'Analyse resultats'!AP96 -> 2 | E6: =+'Analyse resultats'!AQ96 -> 3 | F6: =+'Analyse resultats'!AR96 -> 3 | G6: =+'Analyse resultats'!AS96 -> 3 | H6: =+'Analyse resultats'!AT96 -> 3 | I6: =+'Analyse resultats'!AU96 -> 3 | ... Q6: =+'Analyse resultats'!BC96 -> 3
A7: Manioc et autres tubercules | B7: =+'Analyse resultats'!AN97 -> 5 | C7: =+'Analyse resultats'!AO97 -> 4 | D7: =+'Analyse resultats'!AP97 -> 4 | E7: =+'Analyse resultats'!AQ97 -> 5 | F7: =+'Analyse resultats'!AR97 -> 4 | G7: =+'Analyse resultats'!AS97 -> 2 | H7: =+'Analyse resultats'!AT97 -> 2 | I7: =+'Analyse resultats'!AU97 -> 2 | ... Q7: =+'Analyse resultats'!BC97 -> 5
A8: Poisson | B8: =+'Analyse resultats'!AN98 -> 3 | C8: =+'Analyse resultats'!AO98 -> 3 | D8: =+'Analyse resultats'!AP98 -> 3 | E8: =+'Analyse resultats'!AQ98 -> 4 | F8: =+'Analyse resultats'!AR98 -> 4 | G8: =+'Analyse resultats'!AS98 -> 4 | H8: =+'Analyse resultats'!AT98 -> 4 | I8: =+'Analyse resultats'!AU98 -> 4 | ... Q8: =+'Analyse resultats'!BC98 -> 4
A9: Huile de palme | B9: =+'Analyse resultats'!AN99 -> 0 | C9: =+'Analyse resultats'!AO99 -> 0 | D9: =+'Analyse resultats'!AP99 -> 0 | E9: =+'Analyse resultats'!AQ99 -> 0 | F9: =+'Analyse resultats'!AR99 -> 0 | G9: =+'Analyse resultats'!AS99 -> 0 | H9: =+'Analyse resultats'!AT99 -> 0 | I9: =+'Analyse resultats'!AU99 -> 0 | ... Q9: =+'Analyse resultats'!BC99 -> 0
A10: Plantain | B10: =+'Analyse resultats'!AN100 -> 0 | C10: =+'Analyse resultats'!AO100 -> 0 | D10: =+'Analyse resultats'!AP100 -> 0 | E10: =+'Analyse resultats'!AQ100 -> 0 | F10: =+'Analyse resultats'!AR100 -> 0 | G10: =+'Analyse resultats'!AS100 -> 0 | H10: =+'Analyse resultats'!AT100 -> 0 | I10: =+'Analyse resultats'!AU100 -> 0 | ... Q10: =+'Analyse resultats'!BC100 -> 0

Sheet Frein  marché par fillié NV (3)
B2: Marché de l'Etat
A3: Manioc | B3: Stockage | C3: Conditionnement | D3: Conservation | E3: Moyen de transport – FREIN (version détaillée comme tu veux) | F3: Coût du transport – FREIN (version détaillée comme tu veux) | G3: Formation normes & qualité – FREIN | H3: Formation administrative – FREIN | I3: Formation numérique – FREIN | J3: Formation marketing / négociations – FREIN | K3: Financement équipement – FREIN | L3: Financement formation normes/qualité – FREIN | M3: Financement formation marketing / négociations– FREIN | N3: Financement formation numérique – FREIN | O3: Financement formation administrative – FREIN | P3: Financement développement global – FREIN | Q3: Préfinancement commandes – FREIN
A4: Fruits et légumes | B4: =+'Analyse resultats'!BF94 -> 0 | C4: =+'Analyse resultats'!BG94 -> 0 | D4: =+'Analyse resultats'!BH94 -> 0 | E4: =+'Analyse resultats'!BI94 -> 0 | F4: =+'Analyse resultats'!BJ94 -> 0 | G4: =+'Analyse resultats'!BK94 -> 0 | H4: =+'Analyse resultats'!BL94 -> 0 | I4: =+'Analyse resultats'!BM94 -> 0 | ... Q4: =+'Analyse resultats'!BU94 -> 0
A5: Volaile de chair | B5: =+'Analyse resultats'!BF95 -> 2 | C5: =+'Analyse resultats'!BG95 -> 2 | D5: =+'Analyse resultats'!BH95 -> 2 | E5: =+'Analyse resultats'!BI95 -> 0 | F5: =+'Analyse resultats'!BJ95 -> 0 | G5: =+'Analyse resultats'!BK95 -> 0 | H5: =+'Analyse resultats'!BL95 -> 0 | I5: =+'Analyse resultats'!BM95 -> 0 | ... Q5: =+'Analyse resultats'!BU95 -> 2
A6: Lait | B6: =+'Analyse resultats'!BF96 -> 2 | C6: =+'Analyse resultats'!BG96 -> 2 | D6: =+'Analyse resultats'!BH96 -> 1 | E6: =+'Analyse resultats'!BI96 -> 2 | F6: =+'Analyse resultats'!BJ96 -> 2 | G6: =+'Analyse resultats'!BK96 -> 2 | H6: =+'Analyse resultats'!BL96 -> 2 | I6: =+'Analyse resultats'!BM96 -> 2 | ... Q6: =+'Analyse resultats'!BU96 -> 2
A7: Manioc et autres tubercules | B7: =+'Analyse resultats'!BF97 -> 3 | C7: =+'Analyse resultats'!BG97 -> 3 | D7: =+'Analyse resultats'!BH97 -> 3 | E7: =+'Analyse resultats'!BI97 -> 2 | F7: =+'Analyse resultats'!BJ97 -> 2 | G7: =+'Analyse resultats'!BK97 -> 2 | H7: =+'Analyse resultats'!BL97 -> 2 | I7: =+'Analyse resultats'!BM97 -> 2 | ... Q7: =+'Analyse resultats'!BU97 -> 3
A8: Poisson | B8: =+'Analyse resultats'!BF98 -> 0 | C8: =+'Analyse resultats'!BG98 -> 0 | D8: =+'Analyse resultats'!BH98 -> 0 | E8: =+'Analyse resultats'!BI98 -> 1 | F8: =+'Analyse resultats'!BJ98 -> 1 | G8: =+'Analyse resultats'!BK98 -> 1 | H8: =+'Analyse resultats'!BL98 -> 1 | I8: =+'Analyse resultats'!BM98 -> 1 | ... Q8: =+'Analyse resultats'!BU98 -> 1
A9: Huile de palme | B9: =+'Analyse resultats'!BF99 -> 0 | C9: =+'Analyse resultats'!BG99 -> 0 | D9: =+'Analyse resultats'!BH99 -> 0 | E9: =+'Analyse resultats'!BI99 -> 0 | F9: =+'Analyse resultats'!BJ99 -> 0 | G9: =+'Analyse resultats'!BK99 -> 0 | H9: =+'Analyse resultats'!BL99 -> 0 | I9: =+'Analyse resultats'!BM99 -> 0 | ... Q9: =+'Analyse resultats'!BU99 -> 0
A10: Plantain | B10: =+'Analyse resultats'!BF100 -> 0 | C10: =+'Analyse resultats'!BG100 -> 0 | D10: =+'Analyse resultats'!BH100 -> 0 | E10: =+'Analyse resultats'!BI100 -> 0 | F10: =+'Analyse resultats'!BJ100 -> 0 | G10: =+'Analyse resultats'!BK100 -> 0 | H10: =+'Analyse resultats'!BL100 -> 0 | I10: =+'Analyse resultats'!BM100 -> 0 | ... Q10: =+'Analyse resultats'!BU100 -> 0

Sheet Frein  marché par fillié NV (4)
B2: Marché numérique
A3: Manioc | B3: Stockage | C3: Conditionnement | D3: Conservation | E3: Moyen de transport – FREIN (version détaillée comme tu veux) | F3: Coût du transport – FREIN (version détaillée comme tu veux) | G3: Formation normes & qualité – FREIN | H3: Formation administrative – FREIN | I3: Formation numérique – FREIN | J3: Formation marketing / négociations – FREIN | K3: Financement équipement – FREIN | L3: Financement formation normes/qualité – FREIN | M3: Financement formation marketing / négociations– FREIN | N3: Financement formation numérique – FREIN | O3: Financement formation administrative – FREIN | P3: Financement développement global – FREIN | Q3: Préfinancement commandes – FREIN
A4: Fruits et légumes | B4: =+'Analyse resultats'!BX94 -> 1 | C4: =+'Analyse resultats'!BY94 -> 1 | D4: =+'Analyse resultats'!BZ94 -> 1 | E4: =+'Analyse resultats'!CA94 -> 2 | F4: =+'Analyse resultats'!CB94 -> 2 | G4: =+'Analyse resultats'!CC94 -> 2 | H4: =+'Analyse resultats'!CD94 -> 2 | I4: =+'Analyse resultats'!CE94 -> 2 | ... Q4: =+'Analyse resultats'!CM94 -> 2
A5: Volaile de chair | B5: =+'Analyse resultats'!BX95 -> 2 | C5: =+'Analyse resultats'!BY95 -> 0 | D5: =+'Analyse resultats'!BZ95 -> 2 | E5: =+'Analyse resultats'!CA95 -> 2 | F5: =+'Analyse resultats'!CB95 -> 2 | G5: =+'Analyse resultats'!CC95 -> 2 | H5: =+'Analyse resultats'!CD95 -> 0 | I5: =+'Analyse resultats'!CE95 -> 0 | ... Q5: =+'Analyse resultats'!CM95 -> 2
A6: Lait | B6: =+'Analyse resultats'!BX96 -> 1 | C6: =+'Analyse resultats'!BY96 -> 1 | D6: =+'Analyse resultats'!BZ96 -> 1 | E6: =+'Analyse resultats'!CA96 -> 1 | F6: =+'Analyse resultats'!CB96 -> 1 | G6: =+'Analyse resultats'!CC96 -> 1 | H6: =+'Analyse resultats'!CD96 -> 2 | I6: =+'Analyse resultats'!CE96 -> 2 | ... Q6: =+'Analyse resultats'!CM96 -> 2
A7: Manioc et autres tubercules | B7: =+'Analyse resultats'!BX97 -> 2 | C7: =+'Analyse resultats'!BY97 -> 1 | D7: =+'Analyse resultats'!BZ97 -> 2 | E7: =+'Analyse resultats'!CA97 -> 2 | F7: =+'Analyse resultats'!CB97 -> 2 | G7: =+'Analyse resultats'!CC97 -> 2 | H7: =+'Analyse resultats'!CD97 -> 1 | I7: =+'Analyse resultats'!CE97 -> 1 | ... Q7: =+'Analyse resultats'!CM97 -> 2
A8: Poisson | B8: =+'Analyse resultats'!BX98 -> 1 | C8: =+'Analyse resultats'!BY98 -> 1 | D8: =+'Analyse resultats'!BZ98 -> 1 | E8: =+'Analyse resultats'!CA98 -> 1 | F8: =+'Analyse resultats'!CB98 -> 1 | G8: =+'Analyse resultats'!CC98 -> 1 | H8: =+'Analyse resultats'!CD98 -> 1 | I8: =+'Analyse resultats'!CE98 -> 1 | ... Q8: =+'Analyse resultats'!CM98 -> 1
A9: Huile de palme | B9: =+'Analyse resultats'!BX99 -> 0 | C9: =+'Analyse resultats'!BY99 -> 0 | D9: =+'Analyse resultats'!BZ99 -> 0 | E9: =+'Analyse resultats'!CA99 -> 0 | F9: =+'Analyse resultats'!CB99 -> 0 | G9: =+'Analyse resultats'!CC99 -> 0 | H9: =+'Analyse resultats'!CD99 -> 0 | I9: =+'Analyse resultats'!CE99 -> 0 | ... Q9: =+'Analyse resultats'!CM99 -> 0
A10: Plantain | B10: =+'Analyse resultats'!BX100 -> 0 | C10: =+'Analyse resultats'!BY100 -> 0 | D10: =+'Analyse resultats'!BZ100 -> 0 | E10: =+'Analyse resultats'!CA100 -> 0 | F10: =+'Analyse resultats'!CB100 -> 0 | G10: =+'Analyse resultats'!CC100 -> 0 | H10: =+'Analyse resultats'!CD100 -> 0 | I10: =+'Analyse resultats'!CE100 -> 0 | ... Q10: =+'Analyse resultats'!CM100 -> 0

Sheet Frein  marché par fillié NV (5)
B2: Marché de la sous région
A3: Manioc | B3: Stockage | C3: Conditionnement | D3: Conservation | E3: Moyen de transport – FREIN (version détaillée comme tu veux) | F3: Coût du transport – FREIN (version détaillée comme tu veux) | G3: Formation normes & qualité – FREIN | H3: Formation administrative – FREIN | I3: Formation numérique – FREIN | J3: Formation marketing / négociations – FREIN | K3: Financement équipement – FREIN | L3: Financement formation normes/qualité – FREIN | M3: Financement formation marketing / négociations– FREIN | N3: Financement formation numérique – FREIN | O3: Financement formation administrative – FREIN | P3: Financement développement global – FREIN | Q3: Préfinancement commandes – FREIN
A4: Fruits et légumes | B4: =+'Analyse resultats'!CP94 -> 3 | C4: =+'Analyse resultats'!CQ94 -> 3 | D4: =+'Analyse resultats'!CR94 -> 1 | E4: =+'Analyse resultats'!CS94 -> 1 | F4: =+'Analyse resultats'!CT94 -> 4 | G4: =+'Analyse resultats'!CU94 -> 4 | H4: =+'Analyse resultats'!CV94 -> 4 | I4: =+'Analyse resultats'!CW94 -> 4 | ... Q4: =+'Analyse resultats'!DE94 -> 4
A5: Volaile de chair | B5: =+'Analyse resultats'!CP95 -> 3 | C5: =+'Analyse resultats'!CQ95 -> 1 | D5: =+'Analyse resultats'!CR95 -> 3 | E5: =+'Analyse resultats'!CS95 -> 3 | F5: =+'Analyse resultats'!CT95 -> 3 | G5: =+'Analyse resultats'!CU95 -> 3 | H5: =+'Analyse resultats'!CV95 -> 1 | I5: =+'Analyse resultats'!CW95 -> 1 | ... Q5: =+'Analyse resultats'!DE95 -> 3
A6: Lait | B6: =+'Analyse resultats'!CP96 -> 2 | C6: =+'Analyse resultats'!CQ96 -> 2 | D6: =+'Analyse resultats'!CR96 -> 2 | E6: =+'Analyse resultats'!CS96 -> 2 | F6: =+'Analyse resultats'!CT96 -> 2 | G6: =+'Analyse resultats'!CU96 -> 2 | H6: =+'Analyse resultats'!CV96 -> 1 | I6: =+'Analyse resultats'!CW96 -> 1 | ... Q6: =+'Analyse resultats'!DE96 -> 1
A7: Manioc et autres tubercules | B7: =+'Analyse resultats'!CP97 -> 6 | C7: =+'Analyse resultats'!CQ97 -> 5 | D7: =+'Analyse resultats'!CR97 -> 7 | E7: =+'Analyse resultats'!CS97 -> 6 | F7: =+'Analyse resultats'!CT97 -> 7 | G7: =+'Analyse resultats'!CU97 -> 7 | H7: =+'Analyse resultats'!CV97 -> 6 | I7: =+'Analyse resultats'!CW97 -> 6 | ... Q7: =+'Analyse resultats'!DE97 -> 7
A8: Poisson | B8: =+'Analyse resultats'!CP98 -> 2 | C8: =+'Analyse resultats'!CQ98 -> 2 | D8: =+'Analyse resultats'!CR98 -> 2 | E8: =+'Analyse resultats'!CS98 -> 3 | F8: =+'Analyse resultats'!CT98 -> 3 | G8: =+'Analyse resultats'!CU98 -> 3 | H8: =+'Analyse resultats'!CV98 -> 3 | I8: =+'Analyse resultats'!CW98 -> 3 | ... Q8: =+'Analyse resultats'!DE98 -> 4
A9: Huile de palme | B9: =+'Analyse resultats'!CP99 -> 2 | C9: =+'Analyse resultats'!CQ99 -> 3 | D9: =+'Analyse resultats'!CR99 -> 3 | E9: =+'Analyse resultats'!CS99 -> 3 | F9: =+'Analyse resultats'!CT99 -> 3 | G9: =+'Analyse resultats'!CU99 -> 3 | H9: =+'Analyse resultats'!CV99 -> 3 | I9: =+'Analyse resultats'!CW99 -> 3 | ... Q9: =+'Analyse resultats'!DE99 -> 3
A10: Plantain | B10: =+'Analyse resultats'!CP100 -> 0 | C10: =+'Analyse resultats'!CQ100 -> 0 | D10: =+'Analyse resultats'!CR100 -> 0 | E10: =+'Analyse resultats'!CS100 -> 0 | F10: =+'Analyse resultats'!CT100 -> 0 | G10: =+'Analyse resultats'!CU100 -> 0 | H10: =+'Analyse resultats'!CV100 -> 0 | I10: =+'Analyse resultats'!CW100 -> 0 | ... Q10: =+'Analyse resultats'!DE100 -> 0

Sheet Frein  marché par fillié NV (6)
B2: Marché internationnal
A3: Manioc | B3: Stockage | C3: Conditionnement | D3: Conservation | E3: Moyen de transport – FREIN (version détaillée comme tu veux) | F3: Coût du transport – FREIN (version détaillée comme tu veux) | G3: Formation normes & qualité – FREIN | H3: Formation administrative – FREIN | I3: Formation numérique – FREIN | J3: Formation marketing / négociations – FREIN | K3: Financement équipement – FREIN | L3: Financement formation normes/qualité – FREIN | M3: Financement formation marketing / négociations– FREIN | N3: Financement formation numérique – FREIN | O3: Financement formation administrative – FREIN | P3: Financement développement global – FREIN | Q3: Préfinancement commandes – FREIN
A4: Fruits et légumes | B4: =+'Analyse resultats'!DH94 -> 3 | C4: =+'Analyse resultats'!DI94 -> 3 | D4: =+'Analyse resultats'!DJ94 -> 3 | E4: =+'Analyse resultats'!DK94 -> 3 | F4: =+'Analyse resultats'!DL94 -> 3 | G4: =+'Analyse resultats'!DM94 -> 3 | H4: =+'Analyse resultats'!DN94 -> 3 | I4: =+'Analyse resultats'!DO94 -> 3 | ... Q4: =+'Analyse resultats'!DW94 -> 3
A5: Volaile de chair | B5: =+'Analyse resultats'!DH95 -> 3 | C5: =+'Analyse resultats'!DI95 -> 1 | D5: =+'Analyse resultats'!DJ95 -> 3 | E5: =+'Analyse resultats'!DK95 -> 3 | F5: =+'Analyse resultats'!DL95 -> 3 | G5: =+'Analyse resultats'!DM95 -> 3 | H5: =+'Analyse resultats'!DN95 -> 1 | I5: =+'Analyse resultats'!DO95 -> 1 | ... Q5: =+'Analyse resultats'!DW95 -> 3
A6: Lait | B6: =+'Analyse resultats'!DH96 -> 1 | C6: =+'Analyse resultats'!DI96 -> 1 | D6: =+'Analyse resultats'!DJ96 -> 1 | E6: =+'Analyse resultats'!DK96 -> 1 | F6: =+'Analyse resultats'!DL96 -> 1 | G6: =+'Analyse resultats'!DM96 -> 1 | H6: =+'Analyse resultats'!DN96 -> 1 | I6: =+'Analyse resultats'!DO96 -> 1 | ... Q6: =+'Analyse resultats'!DW96 -> 1
A7: Manioc et autres tubercules | B7: =+'Analyse resultats'!DH97 -> 6 | C7: =+'Analyse resultats'!DI97 -> 6 | D7: =+'Analyse resultats'!DJ97 -> 7 | E7: =+'Analyse resultats'!DK97 -> 6 | F7: =+'Analyse resultats'!DL97 -> 7 | G7: =+'Analyse resultats'!DM97 -> 7 | H7: =+'Analyse resultats'!DN97 -> 6 | I7: =+'Analyse resultats'!DO97 -> 6 | ... Q7: =+'Analyse resultats'!DW97 -> 7
A8: Poisson | B8: =+'Analyse resultats'!DH98 -> 3 | C8: =+'Analyse resultats'!DI98 -> 3 | D8: =+'Analyse resultats'!DJ98 -> 3 | E8: =+'Analyse resultats'!DK98 -> 4 | F8: =+'Analyse resultats'!DL98 -> 4 | G8: =+'Analyse resultats'!DM98 -> 3 | H8: =+'Analyse resultats'!DN98 -> 3 | I8: =+'Analyse resultats'!DO98 -> 3 | ... Q8: =+'Analyse resultats'!DW98 -> 4
A9: Huile de palme | B9: =+'Analyse resultats'!DH99 -> 1 | C9: =+'Analyse resultats'!DI99 -> 1 | D9: =+'Analyse resultats'!DJ99 -> 1 | E9: =+'Analyse resultats'!DK99 -> 1 | F9: =+'Analyse resultats'!DL99 -> 1 | G9: =+'Analyse resultats'!DM99 -> 1 | H9: =+'Analyse resultats'!DN99 -> 1 | I9: =+'Analyse resultats'!DO99 -> 1 | ... Q9: =+'Analyse resultats'!DW99 -> 1
A10: Plantain | B10: =+'Analyse resultats'!DH100 -> 0 | C10: =+'Analyse resultats'!DI100 -> 0 | D10: =+'Analyse resultats'!DJ100 -> 0 | E10: =+'Analyse resultats'!DK100 -> 0 | F10: =+'Analyse resultats'!DL100 -> 0 | G10: =+'Analyse resultats'!DM100 -> 0 | H10: =+'Analyse resultats'!DN100 -> 0 | I10: =+'Analyse resultats'!DO100 -> 0 | ... Q10: =+'Analyse resultats'!DW100 -> 0
